³âµµ,È¸Â÷,ÃßÃ·ÀÏ,1µî´çÃ·ÀÚ¼ö,1µî´çÃ·±Ý¾×,2µî´çÃ·ÀÚ¼ö,2µî´çÃ·±Ý¾×,3µî´çÃ·ÀÚ¼ö,3µî´çÃ·±Ý¾×,4µî´çÃ·ÀÚ¼ö,4µî´çÃ·±Ý¾×,5µî´çÃ·ÀÚ¼ö,5µî´çÃ·±Ý¾×,´çÃ·¹øÈ£1,´çÃ·¹øÈ£2,´çÃ·¹øÈ£3,´çÃ·¹øÈ£4,´çÃ·¹øÈ£5,´çÃ·¹øÈ£6,´çÃ·¹øÈ£º¸³Ê½º
2019,858,2019.05.11,9,2202347459 ,41,80573688 ,"2,075",1592059 ,"106,176",50000 ,"1,789,295",5000 ,9,13,32,38,39,43,23
,857,2019.05.04,15,1284915425 ,62,51811106 ,"2,367",1357114 ,"111,971",50000 ,"1,833,940",5000 ,6,10,16,28,34,38,43
,856,2019.04.27,5,3977927550 ,53,62546031 ,"1,949",1700842 ,"104,537",50000 ,"1,700,369",5000 ,10,24,40,41,43,44,17
,855,2019.04.20,9,2269510500 ,61,55807636 ,"2,022",1683614 ,"102,532",50000 ,"1,765,328",5000 ,8,15,17,19,43,44,7
,854,2019.04.13,6,3421706750 ,44,77766063 ,"1,865",1834696 ,"99,152",50000 ,"1,716,083",5000 ,20,25,31,32,36,43,3
,853,2019.04.06,7,2885006786 ,90,37398237 ,"2,018",1667910 ,"105,158",50000 ,"1,787,511",5000 ,2,8,23,26,27,44,13
,852,2019.03.30,4,4801543407 ,67,47776552 ,"2,328",1375013 ,"114,850",50000 ,"1,876,933",5000 ,11,17,28,30,33,35,9
,851,2019.03.23,8,2483692313 ,70,47308425 ,"2,101",1576197 ,"106,132",50000 ,"1,750,048",5000 ,14,18,22,26,31,44,40
,850,2019.03.16,6,3377587875 ,55,61410689 ,"2,023",1669594 ,"101,591",50000 ,"1,727,367",5000 ,16,20,24,28,36,39,5
,849,2019.03.09,17,1158252883 ,56,58602081 ,"2,682",1223608 ,"113,125",50000 ,"1,851,371",5000 ,5,13,17,29,34,39,3
,848,2019.03.02,7,3011580858 ,42,83655024 ,"2,109",1665961 ,"103,845",50000 ,"1,792,259",5000 ,1,2,16,22,38,39,34
,847,2019.02.23,8,2520846657 ,40,84028222 ,"2,443",1375821 ,"114,324",50000 ,"1,857,205",5000 ,12,16,26,28,30,42,22
,846,2019.02.16,13,1596884395 ,69,50143713 ,"1,997",1732557 ,"106,009",50000 ,"1,797,728",5000 ,5,18,30,41,43,45,13
,845,2019.02.09,11,1891217182 ,56,61914849 ,"2,038",1701292 ,"105,790",50000 ,"1,782,933",5000 ,1,16,29,33,40,45,6
,844,2019.02.02,18,1162963542 ,73,47793023 ,"2,406",1450080 ,"120,078",50000 ,"1,997,556",5000 ,7,8,13,15,33,45,18
,843,2019.01.26,5,4012970100 ,52,64310419 ,"2,002",1670401 ,"105,717",50000 ,"1,777,953",5000 ,19,21,30,33,34,42,4
,842,2019.01.19,10,2035475025 ,42,80772819 ,"2,039",1663786 ,"103,190",50000 ,"1,735,911",5000 ,14,26,32,36,39,42,38
,841,2019.01.12,17,1116095714 ,88,35934900 ,"2,490",1269989 ,"119,648",50000 ,"1,901,965",5000 ,5,11,14,30,33,38,24
,840,2019.01.05,10,2042961788 ,51,66763458 ,"2,275",1496676 ,"110,586",50000 ,"1,852,019",5000 ,2,4,11,28,29,43,27
2018,839,2018.12.29,13,1359454904 ,48,61364284 ,"2,664",1105663 ,"126,227",50000 ,"1,946,924",5000 ,3,9,11,12,13,19,35
,838,2018.12.22,5,3813733050 ,68,46736925 ,"2,220",1431582 ,"107,897",50000 ,"1,777,501",5000 ,9,14,17,33,36,38,20
,837,2018.12.15,6,3144449125 ,47,66903173 ,"2,012",1562848 ,"97,334",50000 ,"1,656,959",5000 ,2,25,28,30,33,45,6
,836,2018.12.08,14,1257843670 ,62,47338203 ,"2,230",1316130 ,"103,846",50000 ,"1,719,260",5000 ,1,9,11,14,26,28,19
,835,2018.12.01,15,1233681125 ,58,53175911 ,"2,306",1337469 ,"106,763",50000 ,"1,767,089",5000 ,9,10,13,28,38,45,35
,834,2018.11.24,11,1690693671 ,47,65949044 ,"1,967",1575804 ,"99,132",50000 ,"1,643,491",5000 ,6,8,18,35,42,43,3
,833,2018.11.17,8,2356317282 ,53,59278423 ,"1,945",1615299 ,"103,152",50000 ,"1,715,510",5000 ,12,18,30,39,41,42,19
,832,2018.11.10,9,2088204584 ,60,52205115 ,"2,137",1465750 ,"102,312",50000 ,"1,706,379",5000 ,13,14,19,26,40,43,30
,831,2018.11.03,16,1110702258 ,61,48555290 ,"2,660",1113486 ,"117,332",50000 ,"1,849,959",5000 ,3,10,16,19,31,39,9
,830,2018.10.27,9,2060528750 ,80,38634915 ,"2,142",1442948 ,"106,206",50000 ,"1,764,071",5000 ,5,6,16,18,37,38,17
,829,2018.10.20,8,2444650641 ,45,72434094 ,"1,837",1774379 ,"94,679",50000 ,"1,637,836",5000 ,4,5,31,35,43,45,29
,828,2018.10.13,13,1455185972 ,62,50853274 ,"1,968",1602085 ,"100,644",50000 ,"1,704,198",5000 ,4,7,13,29,31,39,18
,827,2018.10.06,15,1206500375 ,46,65570673 ,"2,113",1427474 ,"106,164",50000 ,"1,761,371",5000 ,5,11,12,29,33,44,14
,826,2018.09.29,9,2075192084 ,47,66229535 ,"2,232",1394619 ,"108,626",50000 ,"1,755,153",5000 ,13,16,24,25,33,36,42
,825,2018.09.22,12,1658710563 ,53,62592852 ,"2,249",1475065 ,"113,070",50000 ,"1,850,484",5000 ,8,15,21,31,33,38,42
,824,2018.09.15,15,1256646550 ,51,61600322 ,"2,106",1491746 ,"105,359",50000 ,"1,745,566",5000 ,7,9,24,29,34,38,26
,823,2018.09.08,9,2009843917 ,61,49422392 ,"2,348",1283972 ,"112,065",50000 ,"1,795,737",5000 ,12,18,24,26,39,40,15
,822,2018.09.01,3,5930898625 ,79,37537334 ,"2,153",1377357 ,"108,789",50000 ,"1,735,565",5000 ,9,18,20,24,27,36,12
,821,2018.08.25,14,1316155956 ,55,55836920 ,"2,100",1462396 ,"101,082",50000 ,"1,687,355",5000 ,1,12,13,24,29,44,16
,820,2018.08.18,4,4627313532 ,60,51414595 ,"1,987",1552530 ,"99,433",50000 ,"1,644,326",5000 ,10,21,22,30,35,42,6
,819,2018.08.11,7,2594534840 ,49,61774640 ,"1,981",1527995 ,"97,667",50000 ,"1,638,089",5000 ,16,25,33,38,40,45,15
,818,2018.08.04,13,1380804318 ,39,76711351 ,"1,845",1621541 ,"90,205",50000 ,"1,490,497",5000 ,14,15,25,28,29,30,3
,817,2018.07.28,9,1868477334 ,54,51902149 ,"2,068",1355279 ,"105,276",50000 ,"1,718,171",5000 ,3,9,12,13,25,43,34
,816,2018.07.21,8,2128107938 ,67,42350407 ,"2,064",1374747 ,"102,402",50000 ,"1,675,799",5000 ,12,18,19,29,31,39,7
,815,2018.07.14,7,2579855358 ,39,77175161 ,"1,703",1767371 ,"92,977",50000 ,"1,596,140",5000 ,17,21,25,26,27,36,4
,814,2018.07.07,6,3067192063 ,52,58984463 ,"1,833",1673319 ,"93,837",50000 ,"1,585,777",5000 ,2,21,28,38,42,45,30
,813,2018.06.30,4,4591763157 ,43,71190127 ,"1,800",1700654 ,"89,323",50000 ,"1,548,384",5000 ,11,30,34,35,42,44,27
,812,2018.06.23,6,2947954750 ,68,43352276 ,"1,976",1491880 ,"100,498",50000 ,"1,693,074",5000 ,1,3,12,14,16,43,10
,811,2018.06.16,7,2524148197 ,49,60098767 ,"2,151",1369057 ,"104,155",50000 ,"1,703,788",5000 ,8,11,19,21,36,45,25
,810,2018.06.09,8,2231598047 ,64,46491626 ,"2,053",1449325 ,"100,608",50000 ,"1,672,013",5000 ,5,10,13,21,39,43,11
,809,2018.06.02,6,2921372750 ,56,52167371 ,"2,179",1340695 ,"104,350",50000 ,"1,703,714",5000 ,6,11,15,17,23,40,39
,808,2018.05.26,6,3087620500 ,46,67122185 ,"1,962",1573711 ,"95,319",50000 ,"1,597,761",5000 ,15,21,31,32,41,43,24
,807,2018.05.19,7,2437662322 ,59,48202363 ,"2,319",1226365 ,"108,300",50000 ,"1,749,855",5000 ,6,10,18,25,34,35,33
,806,2018.05.12,7,2640760875 ,57,54050662 ,"1,850",1665345 ,"91,180",50000 ,"1,561,838",5000 ,14,20,23,31,37,38,27
,805,2018.05.05,4,4266061969 ,53,53661157 ,"2,075",1370623 ,"105,602",50000 ,"1,700,112",5000 ,3,12,13,18,31,32,42
,804,2018.04.28,11,1631996523 ,49,61061095 ,"2,048",1460935 ,"100,907",50000 ,"1,659,443",5000 ,1,10,13,26,32,36,9
,803,2018.04.21,5,3663810225 ,50,61063504 ,"2,094",1458059 ,"102,413",50000 ,"1,657,869",5000 ,5,9,14,26,30,43,2
,802,2018.04.14,16,1082947993 ,67,43102408 ,"2,207",1308501 ,"107,980",50000 ,"1,814,300",5000 ,10,11,12,18,24,42,27
,801,2018.04.07,8,2256786657 ,51,59000959 ,"1,999",1505278 ,"97,006",50000 ,"1,618,941",5000 ,17,25,28,37,43,44,2
,800,2018.03.31,11,1632246205 ,51,58675518 ,"2,179",1373315 ,"110,956",50000 ,"1,801,924",5000 ,1,4,10,12,28,45,26
,799,2018.03.24,10,1826427225 ,56,54357954 ,"2,242",1357737 ,"107,519",50000 ,"1,725,236",5000 ,12,17,23,34,42,45,33
,798,2018.03.17,7,2710791911 ,60,52709843 ,"2,124",1488979 ,"98,988",50000 ,"1,653,851",5000 ,2,10,14,22,32,36,41
,797,2018.03.10,8,2397028125 ,34,94001103 ,"1,868",1710941 ,"97,900",50000 ,"1,641,334",5000 ,5,22,31,32,39,45,36
,796,2018.03.03,7,2763490340 ,46,70088524 ,"1,921",1678331 ,"96,701",50000 ,"1,643,069",5000 ,1,21,26,36,40,41,5
,795,2018.02.24,11,1714977000 ,62,50711686 ,"2,423",1297617 ,"111,043",50000 ,"1,825,105",5000 ,3,10,13,26,34,38,36
,794,2018.02.17,7,2650940304 ,45,68728082 ,"2,607",1186331 ,"116,809",50000 ,"1,877,646",5000 ,6,7,18,19,30,38,13
,793,2018.02.10,5,3750146775 ,61,51231514 ,"2,043",1529674 ,"98,216",50000 ,"1,635,392",5000 ,10,15,21,35,38,43,31
,792,2018.02.03,7,2655736768 ,65,47667071 ,"1,958",1582411 ,"99,185",50000 ,"1,684,675",5000 ,2,7,19,25,29,36,16
,791,2018.01.27,14,1253081893 ,38,76943625 ,"2,410",1213219 ,"102,931",50000 ,"1,713,102",5000 ,2,10,12,31,33,42,32
,790,2018.01.20,16,1160516274 ,59,52452713 ,"2,417",1280394 ,"113,336",50000 ,"1,812,992",5000 ,3,8,19,27,30,41,12
,789,2018.01.13,15,1140976825 ,70,40749173 ,"2,437",1170473 ,"118,089",50000 ,"1,868,863",5000 ,2,6,7,12,19,45,38
,788,2018.01.06,13,1401475154 ,70,43378993 ,"2,257",1345384 ,"112,504",50000 ,"1,828,701",5000 ,2,10,11,19,35,39,29
2017,787,2017.12.30,6,3092108313 ,51,60629575 ,"2,339",1321979 ,"114,842",50000 ,"1,863,599",5000 ,5,6,13,16,27,28,9
,786,2017.12.23,4,4551365250 ,96,31606704 ,"2,064",1470080 ,"103,000",50000 ,"1,708,226",5000 ,12,15,16,20,24,30,38
,785,2017.12.16,6,2886622688 ,55,52484049 ,"1,972",1463805 ,"100,062",50000 ,"1,678,240",5000 ,4,6,15,25,26,33,40
,784,2017.12.09,9,1908678000 ,51,56137589 ,"2,257",1268506 ,"115,089",50000 ,"1,699,421",5000 ,3,10,23,24,31,39,22
,783,2017.12.02,4,4603964625 ,36,85258605 ,"1,869",1642221 ,"90,899",50000 ,"1,532,640",5000 ,14,15,16,17,38,45,36
,782,2017.11.25,9,1946487625 ,49,59586356 ,"2,047",1426347 ,"96,821",50000 ,"1,585,617",5000 ,6,18,31,34,38,45,20
,781,2017.11.18,9,1882891542 ,52,54314180 ,"1,967",1435861 ,"102,959",50000 ,"1,699,786",5000 ,11,16,18,19,24,39,43
,780,2017.11.11,11,1667520137 ,45,67936006 ,"1,681",1818632 ,"92,630",50000 ,"1,605,516",5000 ,15,17,19,21,27,45,16
,779,2017.11.04,11,1527709296 ,66,42436370 ,"2,503",1118978 ,"114,464",50000 ,"1,751,447",5000 ,6,12,19,24,34,41,4
,778,2017.10.28,3,6264069500 ,67,46746788 ,"1,731",1809379 ,"92,126",50000 ,"1,575,045",5000 ,6,21,35,36,37,41,11
,777,2017.10.21,21,833468036 ,66,44199063 ,"2,413",1208926 ,"111,938",50000 ,"1,766,635",5000 ,6,12,17,21,34,37,18
,776,2017.10.14,7,2557579393 ,50,59676853 ,"2,001",1491176 ,"102,081",50000 ,"1,687,650",5000 ,8,9,18,21,28,40,20
,775,2017.10.07,5,3470437650 ,37,78163011 ,"1,719",1682392 ,"91,297",50000 ,"1,539,325",5000 ,11,12,29,33,38,42,17
,774,2017.09.30,11,1709721512 ,60,52241491 ,"1,956",1602500 ,"101,524",50000 ,"1,704,279",5000 ,12,15,18,28,34,42,9
,773,2017.09.23,11,1609403080 ,58,50871937 ,"2,094",1409061 ,"104,474",50000 ,"1,690,404",5000 ,8,12,19,21,31,35,44
,772,2017.09.16,10,1769608838 ,53,55648077 ,"2,027",1455032 ,"103,023",50000 ,"1,688,350",5000 ,5,6,11,14,21,41,32
,771,2017.09.09,4,4362644907 ,49,59355714 ,"2,054",1415984 ,"102,013",50000 ,"1,680,976",5000 ,6,10,17,18,21,29,30
,770,2017.09.02,8,2163099329 ,75,38455100 ,"2,302",1252882 ,"108,450",50000 ,"1,717,526",5000 ,1,9,12,23,39,43,34
,769,2017.08.26,9,1930760042 ,55,52657093 ,"1,962",1476117 ,"99,272",50000 ,"1,660,799",5000 ,5,7,11,16,41,45,4
,768,2017.08.19,13,1363572260 ,53,55743521 ,"1,849",1597841 ,"93,126",50000 ,"1,572,387",5000 ,7,27,29,30,38,44,4
,767,2017.08.12,15,1163768725 ,46,63248301 ,"1,905",1527256 ,"92,437",50000 ,"1,549,115",5000 ,5,15,20,31,34,42,22
,766,2017.08.05,8,2173637297 ,41,70687392 ,"1,734",1671386 ,"85,422",50000 ,"1,458,764",5000 ,9,30,34,35,39,41,21
,765,2017.07.29,15,1109214250 ,54,51352512 ,"2,121",1307419 ,"101,653",50000 ,"1,643,849",5000 ,1,3,8,12,42,43,33
,764,2017.07.22,7,2459975465 ,44,65226623 ,"1,908",1504178 ,"90,896",50000 ,"1,530,979",5000 ,7,22,24,31,34,36,15
,763,2017.07.15,8,2138130000 ,45,63352000 ,"2,019",1412006 ,"94,176",50000 ,"1,562,106",5000 ,3,8,16,32,34,43,10
,762,2017.07.08,10,1631432063 ,53,51302896 ,"2,044",1330261 ,"103,406",50000 ,"1,671,344",5000 ,1,3,12,21,26,41,16
,761,2017.07.01,7,2392730518 ,52,53683057 ,"2,139",1305058 ,"101,503",50000 ,"1,660,130",5000 ,4,7,11,24,42,45,30
,760,2017.06.24,8,2253299391 ,45,66764427 ,"1,749",1717782 ,"89,221",50000 ,"1,520,831",5000 ,10,22,27,31,42,43,12
,759,2017.06.17,6,3032670500 ,44,68924330 ,"1,761",1722130 ,"88,543",50000 ,"1,525,518",5000 ,9,33,36,40,42,43,32
,758,2017.06.10,8,2078969954 ,63,43999365 ,"2,170",1277401 ,"106,121",50000 ,"1,680,080",5000 ,5,9,12,30,39,43,24
,757,2017.06.03,21,739839858 ,68,38079993 ,"2,657",974573 ,"117,353",50000 ,"1,788,667",5000 ,6,7,11,17,33,44,1
,756,2017.05.27,5,3414434700 ,53,53686081 ,"1,866",1524846 ,"94,800",50000 ,"1,598,715",5000 ,10,14,16,18,27,28,4
,755,2017.05.20,8,2214427266 ,54,54677217 ,"1,845",1600309 ,"89,745",50000 ,"1,508,502",5000 ,13,14,26,28,30,36,37
,754,2017.05.13,5,3427542000 ,50,57125700 ,"1,856",1538947 ,"93,279",50000 ,"1,573,739",5000 ,2,8,17,24,29,31,32
,753,2017.05.06,6,2711105063 ,58,46743191 ,"1,934",1401813 ,"97,566",50000 ,"1,578,072",5000 ,2,17,19,24,37,41,3
,752,2017.04.29,9,1870358834 ,75,37407177 ,"2,036",1377966 ,"102,477",50000 ,"1,646,451",5000 ,4,16,20,33,40,43,7
,751,2017.04.22,8,2097968110 ,69,40540447 ,"2,210",1265743 ,"102,632",50000 ,"1,651,438",5000 ,3,4,16,20,28,44,17
,750,2017.04.15,7,2522104286 ,44,66873978 ,"1,779",1653994 ,"93,135",50000 ,"1,585,532",5000 ,1,2,15,19,24,36,12
,749,2017.04.08,13,1350104395 ,64,45706660 ,"1,985",1473666 ,"95,573",50000 ,"1,589,197",5000 ,12,14,24,26,34,45,41
,748,2017.04.01,9,1928246542 ,59,49023218 ,"1,937",1493222 ,"99,448",50000 ,"1,652,756",5000 ,3,10,13,22,31,32,29
,747,2017.03.25,9,1903214584 ,59,48386812 ,"2,217",1287696 ,"105,307",50000 ,"1,713,003",5000 ,7,9,12,14,23,28,17
,746,2017.03.18,9,2038623709 ,58,52723027 ,"1,904",1606059 ,"94,197",50000 ,"1,589,291",5000 ,3,12,33,36,42,45,25
,745,2017.03.11,20,746822982 ,110,22631000 ,"3,692",674272 ,"141,918",50000 ,"1,955,276",5000 ,1,2,3,9,12,23,10
,744,2017.03.04,15,1155411575 ,61,47352934 ,"2,779",1039414 ,"109,229",50000 ,"1,636,793",5000 ,10,15,18,21,34,41,43
,743,2017.02.25,7,2608641000 ,46,66161185 ,"1,982",1535527 ,"91,886",50000 ,"1,555,362",5000 ,15,19,21,34,41,44,10
,742,2017.02.18,16,1111814813 ,44,67382716 ,"1,986",1492870 ,"98,348",50000 ,"1,658,556",5000 ,8,10,13,36,37,40,6
,741,2017.02.11,6,3043595938 ,55,55338108 ,"1,829",1664077 ,"95,007",50000 ,"1,619,435",5000 ,5,21,27,34,44,45,16
,740,2017.02.04,18,936929792 ,43,65367195 ,"2,447",1148668 ,"115,722",50000 ,"1,864,169",5000 ,4,8,9,16,17,19,31
,739,2017.01.28,4,4744122282 ,45,70283294 ,"1,942",1628604 ,"101,983",50000 ,"1,719,739",5000 ,7,22,29,33,34,35,30
,738,2017.01.21,11,1634191091 ,48,62417021 ,"1,640",1826840 ,"88,050",50000 ,"1,502,685",5000 ,23,27,28,38,42,43,36
,737,2017.01.14,4,4283061000 ,48,59486959 ,"1,937",1474122 ,"94,183",50000 ,"1,567,166",5000 ,13,15,18,24,27,41,11
,736,2017.01.07,5,3397362225 ,54,52428430 ,"2,250",1258283 ,"107,357",50000 ,"1,747,634",5000 ,2,11,17,18,21,27,6
2016,735,2016.12.31,10,1847231588 ,50,61574387 ,"2,269",1356862 ,"107,013",50000 ,"1,752,740",5000 ,5,10,13,27,37,41,4
,734,2016.12.24,9,1949395500 ,36,81224813 ,"1,758",1663307 ,"92,514",50000 ,"1,542,069",5000 ,6,16,37,38,41,45,18
,733,2016.12.17,4,4016725125 ,57,46979242 ,"1,966",1362064 ,"101,369",50000 ,"1,633,952",5000 ,11,24,32,33,35,40,13
,732,2016.12.10,7,2203270608 ,45,57121831 ,"2,061",1247202 ,"104,583",50000 ,"1,705,993",5000 ,2,4,5,17,27,32,43
,731,2016.12.03,7,2340471054 ,45,60678880 ,"1,908",1431106 ,"96,083",50000 ,"1,594,258",5000 ,2,7,13,25,42,45,39
,730,2016.11.26,8,2017382110 ,45,59774285 ,"1,741",1544999 ,"88,791",50000 ,"1,501,752",5000 ,4,10,14,15,18,22,39
,729,2016.11.19,4,4198250719 ,35,79966681 ,"1,875",1492712 ,"89,560",50000 ,"1,504,682",5000 ,11,17,21,26,36,45,16
,728,2016.11.12,5,3243464400 ,56,48265840 ,"1,869",1446168 ,"94,693",50000 ,"1,559,062",5000 ,3,6,10,30,34,37,36
,727,2016.11.05,14,1115107742 ,87,29907105 ,"2,064",1260620 ,"99,271",50000 ,"1,600,135",5000 ,7,8,10,19,21,31,20
,726,2016.10.29,14,1166872634 ,56,48619694 ,"2,099",1297143 ,"96,718",50000 ,"1,556,425",5000 ,1,11,21,23,34,44,24
,725,2016.10.22,11,1579217250 ,47,61600673 ,"1,795",1612943 ,"88,359",50000 ,"1,504,907",5000 ,6,7,19,21,41,43,38
,724,2016.10.15,12,1427789813 ,55,51919630 ,"1,833",1557873 ,"90,083",50000 ,"1,528,970",5000 ,2,8,33,35,37,41,14
,723,2016.10.08,8,2114365360 ,40,70478846 ,"1,777",1586469 ,"85,141",50000 ,"1,412,967",5000 ,20,30,33,35,36,44,22
,722,2016.10.01,4,4365422719 ,46,63266996 ,"1,688",1724101 ,"84,912",50000 ,"1,439,078",5000 ,12,14,21,30,39,43,45
,721,2016.09.24,8,2273767360 ,40,75792246 ,"1,607",1886553 ,"84,770",50000 ,"1,464,353",5000 ,1,28,35,41,43,44,31
,720,2016.09.17,14,1233770358 ,37,77805338 ,"1,778",1619122 ,"88,260",50000 ,"1,505,233",5000 ,1,12,29,34,36,37,41
,719,2016.09.10,9,1879581334 ,58,48609863 ,"2,020",1395729 ,"99,906",50000 ,"1,627,784",5000 ,4,8,13,19,20,43,26
,718,2016.09.03,17,926166464 ,64,41002162 ,"2,404",1091572 ,"114,614",50000 ,"1,595,315",5000 ,4,11,20,23,32,39,40
,717,2016.08.27,6,2702433688 ,47,57498590 ,"1,974",1369015 ,"96,836",50000 ,"1,567,530",5000 ,2,11,19,25,28,32,44
,716,2016.08.20,12,1358752157 ,35,77642981 ,"1,743",1559096 ,"88,628",50000 ,"1,469,730",5000 ,2,6,13,16,29,30,21
,715,2016.08.13,6,2605510438 ,61,42713286 ,"1,873",1391090 ,"90,747",50000 ,"1,503,174",5000 ,2,7,27,33,41,44,10
,714,2016.08.06,7,2085131733 ,46,52883776 ,"2,029",1198943 ,"96,576",50000 ,"1,551,993",5000 ,1,7,22,33,37,40,20
,713,2016.07.30,9,1714720917 ,50,51441628 ,"1,791",1436115 ,"87,920",50000 ,"1,470,125",5000 ,2,5,15,18,19,23,44
,712,2016.07.23,4,4034485125 ,47,57226740 ,"1,727",1557416 ,"86,066",50000 ,"1,449,521",5000 ,17,20,30,31,33,45,19
,711,2016.07.16,7,2277413358 ,44,60385961 ,"1,865",1424656 ,"89,898",50000 ,"1,465,123",5000 ,11,15,24,35,37,45,42
,710,2016.07.09,5,2895441150 ,57,42331011 ,"1,990",1212497 ,"102,058",50000 ,"1,627,229",5000 ,3,4,9,24,25,33,10
,709,2016.07.02,14,1165271625 ,44,61794708 ,"1,696",1603165 ,"82,305",50000 ,"1,385,853",5000 ,10,18,30,36,39,44,32
,708,2016.06.25,4,4099552219 ,52,52558362 ,"1,712",1596399 ,"86,091",50000 ,"1,446,865",5000 ,2,10,16,19,34,45,1
,707,2016.06.18,12,1322167313 ,74,35734252 ,"2,006",1318213 ,"94,281",50000 ,"1,507,647",5000 ,2,12,19,24,39,44,35
,706,2016.06.11,4,3831746063 ,51,50088184 ,"2,108",1211811 ,"95,376",50000 ,"1,531,393",5000 ,3,4,6,10,28,30,37
,705,2016.06.04,4,3987206532 ,49,54247708 ,"1,805",1472653 ,"87,931",50000 ,"1,453,654",5000 ,1,6,17,22,28,45,23
,704,2016.05.28,4,3865190344 ,47,54825395 ,"1,906",1351938 ,"95,021",50000 ,"1,519,932",5000 ,1,4,8,23,33,42,45
,703,2016.05.21,5,3235784100 ,51,52872290 ,"1,719",1568637 ,"84,194",50000 ,"1,416,580",5000 ,10,28,31,33,41,44,21
,702,2016.05.14,11,1465091387 ,46,58391324 ,"1,819",1476636 ,"88,043",50000 ,"1,443,954",5000 ,3,13,16,24,26,29,9
,701,2016.05.07,10,1583183175 ,40,65965966 ,"1,659",1590500 ,"81,917",50000 ,"1,404,422",5000 ,3,10,14,16,36,38,35
,700,2016.04.30,8,2082099188 ,41,67710543 ,"1,562",1777294 ,"82,874",50000 ,"1,414,076",5000 ,11,23,28,29,30,44,13
,699,2016.04.23,8,1995411375 ,50,53210970 ,"1,799",1478905 ,"90,504",50000 ,"1,512,397",5000 ,4,5,8,16,21,29,3
,698,2016.04.16,8,1921084125 ,48,53363448 ,"2,088",1226746 ,"97,965",50000 ,"1,550,364",5000 ,3,11,13,21,33,37,18
,697,2016.04.09,10,1531443038 ,90,28360057 ,"1,940",1315673 ,"99,698",50000 ,"1,615,786",5000 ,2,5,8,11,33,39,31
,696,2016.04.02,10,1632054413 ,44,61820243 ,"1,721",1580530 ,"90,020",50000 ,"1,501,952",5000 ,1,7,16,18,34,38,21
,695,2016.03.26,11,1450214830 ,66,40283746 ,"1,979",1343471 ,"95,436",50000 ,"1,558,885",5000 ,4,18,26,33,34,38,14
,694,2016.03.19,10,1555036388 ,78,33227274 ,"2,286",1133739 ,"102,474",50000 ,"1,581,822",5000 ,7,15,20,25,33,43,12
,693,2016.03.12,10,1642763813 ,43,63673016 ,"1,692",1618168 ,"87,017",50000 ,"1,484,420",5000 ,1,6,11,28,34,42,30
,692,2016.03.05,7,2301273697 ,44,61018621 ,"1,770",1516848 ,"87,763",50000 ,"1,465,709",5000 ,3,11,14,15,32,36,44
,691,2016.02.27,6,2839296750 ,31,91590218 ,"1,708",1662352 ,"86,063",50000 ,"1,455,528",5000 ,15,27,33,35,43,45,16
,690,2016.02.20,15,1126507625 ,34,82831444 ,"1,772",1589317 ,"87,970",50000 ,"1,528,472",5000 ,24,25,33,34,38,39,43
,689,2016.02.13,7,2321775911 ,44,61562241 ,"1,809",1497368 ,"90,296",50000 ,"1,509,073",5000 ,7,17,19,30,36,38,34
,688,2016.02.06,9,1967536750 ,53,55685003 ,"2,107",1400715 ,"97,676",50000 ,"1,610,713",5000 ,5,15,22,23,34,35,2
,687,2016.01.30,6,2720029313 ,38,71579719 ,"1,780",1528107 ,"91,404",50000 ,"1,538,380",5000 ,1,8,10,13,28,42,45
,686,2016.01.23,8,1937531719 ,36,71760435 ,"1,863",1386676 ,"91,027",50000 ,"1,483,730",5000 ,7,12,15,24,25,43,13
,685,2016.01.16,11,1494367671 ,52,52686040 ,"1,910",1434385 ,"95,302",50000 ,"1,576,169",5000 ,6,7,12,28,38,40,18
,684,2016.01.09,9,1688815709 ,62,40858445 ,"1,968",1287208 ,"98,607",50000 ,"1,623,161",5000 ,1,11,15,17,25,39,40
,683,2016.01.02,16,1010930883 ,45,59907016 ,"2,704",996974 ,"117,974",50000 ,"1,700,964",5000 ,6,13,20,27,28,40,15
2015,682,2015.12.26,4,4063713563 ,56,48377543 ,"1,851",1463611 ,"87,618",50000 ,"1,464,978",5000 ,17,23,27,35,38,43,2
,681,2015.12.19,6,2696328938 ,37,72873756 ,"1,441",1871152 ,"73,062",50000 ,"1,282,079",5000 ,21,24,27,29,43,44,7
,680,2015.12.12,14,1110570563 ,44,58893894 ,"1,870",1385739 ,"86,441",50000 ,"1,413,980",5000 ,4,10,19,29,32,42,30
,679,2015.12.05,5,2863005600 ,54,44182186 ,"1,829",1304450 ,"91,171",50000 ,"1,493,041",5000 ,3,5,7,14,26,34,35
,678,2015.11.28,6,2288490188 ,41,55816834 ,"1,855",1233688 ,"93,305",50000 ,"1,494,095",5000 ,4,5,6,12,25,37,45
,677,2015.11.21,8,1921114407 ,37,69229348 ,"1,701",1505871 ,"79,827",50000 ,"1,330,115",5000 ,12,15,24,36,41,44,42
,676,2015.11.14,8,1879726500 ,63,39782572 ,"1,665",1505287 ,"83,276",50000 ,"1,371,921",5000 ,1,8,17,34,39,45,27
,675,2015.11.07,4,3514549032 ,65,36046657 ,"1,806",1297361 ,"88,118",50000 ,"1,415,830",5000 ,1,8,11,15,18,45,7
,674,2015.10.31,8,1770565500 ,48,49182375 ,"1,846",1278849 ,"89,646",50000 ,"1,465,031",5000 ,9,10,14,25,27,31,11
,673,2015.10.24,10,1491453300 ,35,71021586 ,"1,864",1333560 ,"88,838",50000 ,"1,450,769",5000 ,7,10,17,29,33,44,5
,672,2015.10.17,9,1754745000 ,46,57219946 ,"1,629",1615788 ,"80,167",50000 ,"1,341,175",5000 ,8,21,28,31,36,45,43
,671,2015.10.10,4,3722322844 ,48,51698929 ,"1,778",1395697 ,"90,364",50000 ,"1,519,963",5000 ,7,9,10,13,31,35,24
,670,2015.10.03,12,1191725219 ,39,61114114 ,"2,145",1111166 ,"92,680",50000 ,"1,483,948",5000 ,11,18,26,27,40,41,25
,669,2015.09.26,6,2708173188 ,52,52080254 ,"1,949",1389520 ,"93,078",50000 ,"1,531,364",5000 ,7,8,20,29,33,38,9
,668,2015.09.19,5,2991158625 ,56,44511290 ,"1,873",1330824 ,"89,414",50000 ,"1,452,289",5000 ,12,14,15,24,27,32,3
,667,2015.09.12,7,2228764393 ,40,65005629 ,"1,543",1685176 ,"81,344",50000 ,"1,368,363",5000 ,15,17,25,37,42,43,13
,666,2015.09.05,6,2396901063 ,47,50997895 ,"1,947",1231074 ,"93,631",50000 ,"1,493,940",5000 ,2,4,6,11,17,28,16
,665,2015.08.29,4,3643230375 ,30,80960675 ,"1,790",1356883 ,"87,227",50000 ,"1,430,205",5000 ,5,6,11,17,38,44,13
,664,2015.08.22,10,1536801338 ,44,58212172 ,"1,530",1674076 ,"77,395",50000 ,"1,320,082",5000 ,10,20,33,36,41,44,5
,663,2015.08.15,7,2080244143 ,60,40449192 ,"1,627",1491673 ,"84,092",50000 ,"1,386,028",5000 ,3,5,8,19,38,42,20
,662,2015.08.08,8,1689733688 ,43,52394844 ,"1,787",1260761 ,"88,493",50000 ,"1,426,759",5000 ,5,6,9,11,15,37,26
,661,2015.08.01,8,1713025547 ,63,36254509 ,"1,830",1248107 ,"87,840",50000 ,"1,426,883",5000 ,2,3,12,20,27,38,40
,660,2015.07.25,10,1421272575 ,48,49349743 ,"1,951",1214141 ,"88,247",50000 ,"1,408,802",5000 ,4,9,23,33,39,44,14
,659,2015.07.18,11,1336604216 ,40,61261027 ,"1,765",1388352 ,"85,028",50000 ,"1,396,789",5000 ,7,18,19,27,29,42,45
,658,2015.07.11,9,1634031375 ,38,64501239 ,"1,678",1460696 ,"82,738",50000 ,"1,364,069",5000 ,8,19,25,28,32,36,37
,657,2015.07.04,9,1694762792 ,52,48887389 ,"1,562",1627494 ,"78,396",50000 ,"1,325,593",5000 ,10,14,19,39,40,43,23
,656,2015.06.27,2,7330002750 ,48,50902797 ,"1,747",1398589 ,"83,772",50000 ,"1,385,757",5000 ,3,7,14,16,31,40,39
,655,2015.06.20,9,1661439625 ,41,60784377 ,"1,610",1547926 ,"77,437",50000 ,"1,281,655",5000 ,7,37,38,39,40,44,18
,654,2015.06.13,8,1879301391 ,69,36315003 ,"1,787",1402203 ,"77,788",50000 ,"1,282,725",5000 ,16,21,26,31,36,43,6
,653,2015.06.06,14,980958670 ,56,40873278 ,"1,997",1146172 ,"88,995",50000 ,"1,419,408",5000 ,5,6,26,27,38,39,1
,652,2015.05.30,5,3003483525 ,36,69525082 ,"1,504",1664165 ,"75,739",50000 ,"1,280,663",5000 ,3,13,15,40,41,44,20
,651,2015.05.23,8,1855306454 ,35,70678342 ,"1,684",1468968 ,"82,567",50000 ,"1,365,832",5000 ,11,12,16,26,29,44,18
,650,2015.05.16,5,2849298900 ,45,52764795 ,"1,814",1308940 ,"87,030",50000 ,"1,429,743",5000 ,3,4,7,11,31,41,35
,649,2015.05.09,5,2948042100 ,45,54593373 ,"1,689",1454531 ,"80,347",50000 ,"1,313,125",5000 ,3,21,22,33,41,42,20
,648,2015.05.02,7,2120987947 ,45,54988577 ,"1,631",1517159 ,"80,986",50000 ,"1,318,403",5000 ,13,19,28,37,38,43,4
,647,2015.04.25,7,2189725608 ,44,58060907 ,"1,596",1600677 ,"79,202",50000 ,"1,351,926",5000 ,5,16,21,23,24,30,29
,646,2015.04.18,7,2215498393 ,36,71798560 ,"1,522",1698258 ,"77,400",50000 ,"1,321,212",5000 ,2,9,24,41,43,45,30
,645,2015.04.11,4,3696297750 ,28,88007090 ,"1,766",1395356 ,"87,873",50000 ,"1,444,728",5000 ,1,4,16,26,40,41,31
,644,2015.04.04,8,1831451204 ,49,49835407 ,"1,879",1299593 ,"87,582",50000 ,"1,401,744",5000 ,5,13,17,23,28,36,8
,643,2015.03.28,6,2535763625 ,43,58971248 ,"1,525",1662796 ,"84,656",50000 ,"1,407,225",5000 ,15,24,31,32,33,40,13
,642,2015.03.21,12,1251460438 ,62,40369692 ,"1,815",1379020 ,"88,406",50000 ,"1,465,689",5000 ,8,17,18,24,39,45,32
,641,2015.03.14,8,1990074563 ,50,53068655 ,"1,565",1695485 ,"79,145",50000 ,"1,340,371",5000 ,11,18,21,36,37,43,12
,640,2015.03.07,9,1728768834 ,48,54024027 ,"1,639",1582156 ,"85,410",50000 ,"1,404,905",5000 ,14,15,18,21,26,35,23
,639,2015.02.28,4,4061185219 ,45,60165707 ,"1,628",1663058 ,"84,861",50000 ,"1,439,719",5000 ,6,15,22,23,25,32,40
,638,2015.02.21,7,2229403179 ,41,63438302 ,"1,719",1513072 ,"84,781",50000 ,"1,422,596",5000 ,7,18,22,24,31,34,6
,637,2015.02.14,4,3899241094 ,45,57766535 ,"1,637",1587963 ,"82,147",50000 ,"1,369,826",5000 ,3,16,22,37,38,44,23
,636,2015.02.07,8,1832362219 ,44,55526128 ,"1,973",1238292 ,"90,830",50000 ,"1,461,300",5000 ,6,7,15,16,20,31,26
,635,2015.01.31,8,1855587235 ,35,70689038 ,"1,650",1499465 ,"85,675",50000 ,"1,427,626",5000 ,11,13,25,26,29,33,32
,634,2015.01.24,13,1077935106 ,54,43250483 ,"2,208",1057757 ,"101,514",50000 ,"1,562,975",5000 ,4,10,11,12,20,27,38
,633,2015.01.17,12,1217257094 ,47,51798175 ,"1,789",1360825 ,"87,613",50000 ,"1,430,227",5000 ,9,12,19,20,39,41,13
,632,2015.01.10,11,1432587716 ,52,50507901 ,"1,645",1596603 ,"78,418",50000 ,"1,320,223",5000 ,15,18,21,32,35,44,6
,631,2015.01.03,4,3919853532 ,46,56809472 ,"1,676",1559210 ,"85,710",50000 ,"1,491,785",5000 ,1,2,4,23,31,34,8
2014,630,2014.12.27,3,4836305500 ,48,50378183 ,"1,631",1482620 ,"84,380",50000 ,"1,420,745",5000 ,8,17,21,24,27,31,15
,629,2014.12.20,5,2919433575 ,34,71554745 ,"1,321",1841682 ,"68,554",50000 ,"1,183,752",5000 ,19,28,31,38,43,44,1
,628,2014.12.13,9,1499942875 ,37,60808495 ,"1,628",1382012 ,"80,147",50000 ,"1,323,978",5000 ,1,7,12,15,23,42,11
,627,2014.12.06,10,1352230650 ,35,64391936 ,"1,532",1471096 ,"74,824",50000 ,"1,243,945",5000 ,2,9,22,25,31,45,12
,626,2014.11.29,8,1717871110 ,45,50899885 ,"1,766",1296996 ,"86,261",50000 ,"1,371,217",5000 ,13,14,26,33,40,43,15
,625,2014.11.22,5,2765184675 ,45,51207124 ,"1,654",1393181 ,"82,014",50000 ,"1,354,445",5000 ,3,6,7,20,21,39,13
,624,2014.11.15,5,2763729450 ,61,37755867 ,"1,574",1463220 ,"78,840",50000 ,"1,309,900",5000 ,1,7,19,26,27,35,16
,623,2014.11.08,8,1813702594 ,35,69093433 ,"1,456",1660900 ,"73,522",50000 ,"1,245,962",5000 ,7,13,30,39,41,45,25
,622,2014.11.01,9,1630598292 ,34,71938160 ,"1,629",1501472 ,"77,626",50000 ,"1,270,437",5000 ,9,15,16,21,28,34,24
,621,2014.10.25,6,2359723500 ,62,38060057 ,"1,555",1517508 ,"82,843",50000 ,"1,336,734",5000 ,1,2,6,16,19,42,9
,620,2014.10.18,7,2028283233 ,44,53780238 ,"1,661",1424643 ,"78,155",50000 ,"1,266,599",5000 ,2,16,17,32,39,45,40
,619,2014.10.11,3,4612479375 ,59,39088809 ,"1,712",1347103 ,"83,710",50000 ,"1,355,209",5000 ,6,8,13,30,35,40,21
,618,2014.10.04,5,2881326225 ,45,53357894 ,"1,581",1518726 ,"75,243",50000 ,"1,260,882",5000 ,8,16,25,30,42,43,15
,617,2014.09.27,8,1629701860 ,43,50533391 ,"1,993",1090284 ,"93,731",50000 ,"1,481,805",5000 ,4,5,11,12,24,27,28
,616,2014.09.20,9,1611811250 ,49,49341161 ,"1,700",1422187 ,"81,118",50000 ,"1,350,809",5000 ,5,13,18,23,40,45,3
,615,2014.09.13,9,1535062417 ,31,74277214 ,"1,670",1378799 ,"83,981",50000 ,"1,383,278",5000 ,10,17,18,19,23,27,35
,614,2014.09.06,6,2540975438 ,46,55238597 ,"1,523",1668402 ,"80,393",50000 ,"1,360,707",5000 ,8,21,25,39,40,44,18
,613,2014.08.30,9,1549831209 ,30,77491561 ,"1,538",1511539 ,"77,945",50000 ,"1,299,580",5000 ,7,8,11,16,41,44,35
,612,2014.08.23,11,1181705250 ,59,36719655 ,"1,833",1181921 ,"86,228",50000 ,"1,364,516",5000 ,6,9,18,19,25,33,40
,611,2014.08.16,4,3502706157 ,47,49683776 ,"1,486",1571425 ,"74,589",50000 ,"1,258,998",5000 ,2,22,27,33,36,37,14
,610,2014.08.09,4,3516018375 ,34,68941537 ,"1,398",1676690 ,"71,718",50000 ,"1,218,676",5000 ,14,18,20,23,28,36,33
,609,2014.08.02,2,6339311438 ,47,44959656 ,"1,621",1303581 ,"80,472",50000 ,"1,300,134",5000 ,4,8,27,34,39,40,13
,608,2014.07.26,7,1943530018 ,32,70857866 ,"1,516",1495681 ,"74,353",50000 ,"1,243,159",5000 ,4,8,18,19,39,44,41
,607,2014.07.19,4,3494480907 ,35,66561542 ,"1,448",1608878 ,"73,277",50000 ,"1,220,405",5000 ,8,14,23,36,38,39,13
,606,2014.07.12,10,1311566850 ,44,49680563 ,"1,542",1417604 ,"82,879",50000 ,"1,366,588",5000 ,1,5,6,14,20,39,22
,605,2014.07.05,9,1394232250 ,40,52283710 ,"2,286",914851 ,"92,980",50000 ,"1,386,335",5000 ,1,2,7,9,10,38,42
,604,2014.06.28,11,1229141557 ,36,62595172 ,"1,451",1553016 ,"75,476",50000 ,"1,266,398",5000 ,2,6,18,21,33,34,30
,603,2014.06.21,4,3452136563 ,30,76714146 ,"1,363",1688500 ,"71,799",50000 ,"1,227,396",5000 ,2,19,25,26,27,43,28
,602,2014.06.14,8,1689530860 ,42,53635901 ,"1,675",1344901 ,"77,026",50000 ,"1,251,693",5000 ,13,14,22,27,30,38,2
,601,2014.06.07,9,1524565209 ,28,81673137 ,"1,516",1508475 ,"72,233",50000 ,"1,205,559",5000 ,2,16,19,31,34,35,37
,600,2014.05.31,15,901798725 ,41,54987728 ,"1,518",1485176 ,"77,138",50000 ,"1,258,677",5000 ,5,11,14,27,29,36,44
,599,2014.05.24,8,1710918329 ,43,53051732 ,"1,685",1353843 ,"79,069",50000 ,"1,297,530",5000 ,5,12,17,29,34,35,27
,598,2014.05.17,16,833998594 ,50,44479925 ,"2,053",1083291 ,"86,005",50000 ,"1,333,411",5000 ,4,12,24,33,38,45,22
,597,2014.05.10,13,1057920606 ,46,49829594 ,"1,532",1496189 ,"75,553",50000 ,"1,260,248",5000 ,8,10,23,24,35,43,37
,596,2014.05.03,10,1328267663 ,41,53994621 ,"1,651",1340872 ,"80,007",50000 ,"1,313,990",5000 ,3,4,12,14,25,43,17
,595,2014.04.26,8,1744525219 ,54,43074697 ,"1,501",1549656 ,"77,652",50000 ,"1,281,555",5000 ,8,24,28,35,38,40,5
,594,2014.04.19,11,1255592796 ,42,54807623 ,"1,750",1315383 ,"79,157",50000 ,"1,301,802",5000 ,2,8,13,25,28,37,3
,593,2014.04.12,9,1532833500 ,62,37084682 ,"1,818",1264715 ,"87,413",50000 ,"1,383,890",5000 ,9,10,13,24,33,38,28
,592,2014.04.05,6,2356381688 ,28,84156489 ,"1,406",1675948 ,"75,519",50000 ,"1,284,347",5000 ,2,5,6,13,28,44,43
,591,2014.03.29,5,2964676200 ,38,65014829 ,"1,483",1665923 ,"73,310",50000 ,"1,251,393",5000 ,8,13,14,30,38,39,5
,590,2014.03.22,7,2185183983 ,31,82238107 ,"1,370",1860863 ,"70,019",50000 ,"1,221,113",5000 ,20,30,36,38,41,45,23
,589,2014.03.15,7,2136877983 ,42,59357722 ,"1,559",1599118 ,"77,435",50000 ,"1,301,184",5000 ,6,8,28,33,38,39,22
,588,2014.03.08,5,2889342075 ,43,55995002 ,"1,676",1436626 ,"78,517",50000 ,"1,315,684",5000 ,2,8,15,22,25,41,30
,587,2014.03.01,3,4974577375 ,43,57843923 ,"1,437",1730890 ,"73,745",50000 ,"1,254,438",5000 ,14,21,29,31,32,37,17
,586,2014.02.22,8,1778354344 ,46,51546503 ,"1,570",1510280 ,"80,965",50000 ,"1,346,737",5000 ,2,7,12,15,21,34,5
,585,2014.02.15,9,1620546334 ,45,54018212 ,"1,528",1590851 ,"79,691",50000 ,"1,339,079",5000 ,6,7,10,16,38,41,4
,584,2014.02.08,3,5033183250 ,32,78643489 ,"1,464",1718984 ,"77,972",50000 ,"1,328,119",5000 ,7,18,30,39,40,41,36
,583,2014.02.01,11,1341848353 ,51,48236379 ,"1,826",1347238 ,"88,583",50000 ,"1,445,611",5000 ,8,17,27,33,40,44,24
,582,2014.01.25,4,3560558719 ,57,41643962 ,"1,631",1455369 ,"79,917",50000 ,"1,333,596",5000 ,2,12,14,33,40,41,25
,581,2014.01.18,8,1844554547 ,39,63061694 ,"1,384",1777028 ,"76,964",50000 ,"1,321,056",5000 ,3,5,14,20,42,44,33
,580,2014.01.11,7,2028610500 ,42,56350292 ,"1,665",1421449 ,"86,352",50000 ,"1,401,162",5000 ,5,7,9,11,32,35,33
,579,2014.01.04,11,1396068444 ,46,55640409 ,"1,769",1446840 ,"85,011",50000 ,"1,408,043",5000 ,5,7,20,22,37,42,39
2013,578,2013.12.28,5,2796466575 ,43,54195089 ,"1,615",1442966 ,"80,303",50000 ,"1,326,822",5000 ,5,12,14,32,34,42,16
,577,2013.12.21,3,4484438375 ,42,53386172 ,"1,526",1469345 ,"79,150",50000 ,"1,322,032",5000 ,16,17,22,31,34,37,33
,576,2013.12.14,3,4321966000 ,54,40018204 ,"1,561",1384359 ,"76,903",50000 ,"1,242,512",5000 ,10,11,15,25,35,41,13
,575,2013.12.07,8,1699267875 ,45,50348678 ,"1,488",1522642 ,"75,000",50000 ,"1,257,969",5000 ,2,8,20,30,33,34,6
,574,2013.11.30,2,6965184938 ,33,70355404 ,"1,259",1844106 ,"68,910",50000 ,"1,184,428",5000 ,14,15,16,19,25,43,2
,573,2013.11.23,8,1645691766 ,50,43885114 ,"1,622",1352809 ,"78,997",50000 ,"1,308,493",5000 ,2,4,20,34,35,43,14
,572,2013.11.16,8,1668216188 ,53,41967703 ,"1,734",1282750 ,"81,361",50000 ,"1,274,889",5000 ,3,13,18,33,37,45,1
,571,2013.11.09,7,1966538465 ,33,69524088 ,"1,506",1523437 ,"74,042",50000 ,"1,238,061",5000 ,11,18,21,26,38,43,29
,570,2013.11.02,9,1527791625 ,38,60307565 ,"1,573",1456890 ,"77,565",50000 ,"1,323,078",5000 ,1,12,26,27,29,33,42
,569,2013.10.26,4,3467925188 ,36,64220837 ,"1,706",1355188 ,"81,582",50000 ,"1,329,250",5000 ,3,6,13,23,24,35,1
,568,2013.10.19,10,1305167550 ,50,43505585 ,"1,845",1179014 ,"87,784",50000 ,"1,409,876",5000 ,1,3,17,20,31,44,40
,567,2013.10.12,6,2318659438 ,53,43748292 ,"1,547",1498811 ,"76,284",50000 ,"1,271,252",5000 ,1,10,15,16,32,41,28
,566,2013.10.05,4,3508951032 ,35,66837163 ,"1,555",1504374 ,"74,789",50000 ,"1,275,890",5000 ,4,5,6,25,26,43,41
,565,2013.09.28,8,1742064469 ,39,59557760 ,"1,866",1244777 ,"85,438",50000 ,"1,384,878",5000 ,4,10,18,27,40,45,38
,564,2013.09.21,7,1934801143 ,32,70539625 ,"1,649",1368871 ,"83,100",50000 ,"1,358,618",5000 ,14,19,25,26,27,34,2
,563,2013.09.14,7,1932735643 ,38,59338375 ,"1,642",1373239 ,"79,945",50000 ,"1,324,790",5000 ,5,10,16,17,31,32,21
,562,2013.09.07,11,1166694614 ,51,41940003 ,"1,789",1195607 ,"85,094",50000 ,"1,355,577",5000 ,4,11,13,17,20,31,33
,561,2013.08.31,5,2753712225 ,41,55969761 ,"1,434",1600252 ,"73,966",50000 ,"1,252,562",5000 ,5,7,18,37,42,45,20
,560,2013.08.24,7,1976697215 ,40,57653669 ,"1,476",1562431 ,"73,123",50000 ,"1,235,465",5000 ,1,4,20,23,29,45,28
,559,2013.08.17,7,1926145608 ,42,53504045 ,"1,566",1434975 ,"73,823",50000 ,"1,239,640",5000 ,11,12,25,32,44,45,23
,558,2013.08.10,10,1315913663 ,51,43003715 ,"1,408",1557663 ,"77,834",50000 ,"1,206,457",5000 ,12,15,19,26,40,43,29
,557,2013.08.03,7,1888069286 ,43,51226687 ,"1,503",1465568 ,"74,569",50000 ,"1,238,570",5000 ,4,20,26,28,35,40,31
,556,2013.07.27,7,2005209161 ,41,57058798 ,"1,411",1657981 ,"73,689",50000 ,"1,257,532",5000 ,12,20,23,28,30,44,43
,555,2013.07.20,8,1711027360 ,46,49594996 ,"1,554",1468063 ,"78,046",50000 ,"1,296,730",5000 ,11,17,21,24,26,36,12
,554,2013.07.13,2,6813893625 ,41,55397510 ,"1,484",1530525 ,"74,436",50000 ,"1,234,010",5000 ,13,14,17,32,41,42,6
,553,2013.07.06,6,2249631438 ,52,43262144 ,"1,647",1365897 ,"77,687",50000 ,"1,272,468",5000 ,2,7,17,28,29,39,37
,552,2013.06.29,10,1330824225 ,45,49289787 ,"1,808",1226793 ,"86,409",50000 ,"1,347,284",5000 ,1,10,20,32,35,40,43
,551,2013.06.22,1,13526973750 ,32,70452989 ,"1,440",1565622 ,"77,811",50000 ,"1,313,634",5000 ,3,6,20,24,27,44,25
,550,2013.06.15,11,1118679205 ,58,35360550 ,"2,728",751801 ,"103,421",50000 ,"1,328,508",5000 ,1,7,14,20,34,37,41
,549,2013.06.08,8,1760805047 ,35,67078288 ,"1,487",1578844 ,"71,700",50000 ,"1,213,077",5000 ,29,31,35,38,40,44,17
,548,2013.06.01,8,1736871891 ,46,50344113 ,"1,646",1406944 ,"78,057",50000 ,"1,291,286",5000 ,1,12,13,21,32,45,14
,547,2013.05.25,5,2838444450 ,54,43803156 ,"1,548",1528018 ,"75,527",50000 ,"1,256,984",5000 ,6,7,15,22,34,39,28
,546,2013.05.18,30,405939950 ,55,36903632 ,"3,110",652637 ,"104,469",50000 ,"1,379,107",5000 ,8,17,20,27,37,43,6
,545,2013.05.11,11,1198994353 ,42,52337056 ,"1,497",1468375 ,"77,301",50000 ,"1,306,657",5000 ,4,24,25,27,34,35,2
,544,2013.05.04,13,1046388433 ,47,48237765 ,"1,527",1484725 ,"74,263",50000 ,"1,235,509",5000 ,5,17,21,25,36,44,10
,543,2013.04.27,12,1112934844 ,47,47358930 ,"1,968",1131032 ,"81,520",50000 ,"1,280,433",5000 ,13,18,26,31,34,44,12
,542,2013.04.20,6,2335152563 ,26,89813561 ,"1,456",1603814 ,"72,242",50000 ,"1,236,252",5000 ,5,6,19,26,41,45,34
,541,2013.04.13,11,1269327171 ,40,58177496 ,"1,444",1611565 ,"73,911",50000 ,"1,246,235",5000 ,8,13,26,28,32,34,43
,540,2013.04.06,7,1989365250 ,26,89266390 ,"1,409",1647216 ,"72,629",50000 ,"1,234,194",5000 ,3,12,13,15,34,36,14
,539,2013.03.30,9,1621036667 ,42,57894167 ,"1,519",1600761 ,"75,592",50000 ,"1,270,479",5000 ,3,19,22,31,42,43,26
,538,2013.03.23,3,4688021625 ,48,48833559 ,"1,724",1359636 ,"82,529",50000 ,"1,347,630",5000 ,6,10,18,31,32,34,11
,537,2013.03.16,7,2104038911 ,35,70134631 ,"1,444",1699940 ,"75,265",50000 ,"1,265,143",5000 ,12,23,26,30,36,43,11
,536,2013.03.09,11,1308523603 ,40,59973999 ,"1,676",1431361 ,"80,139",50000 ,"1,336,621",5000 ,7,8,18,32,37,43,12
,535,2013.03.02,3,4935603000 ,31,79606500 ,"1,512",1632144 ,"76,742",50000 ,"1,336,486",5000 ,11,12,14,15,18,39,34
,534,2013.02.23,1,14215763250 ,55,43078071 ,"1,537",1541506 ,"79,943",50000 ,"1,332,446",5000 ,10,24,26,29,37,38,32
,533,2013.02.16,8,1785671579 ,44,54111260 ,"1,517",1569477 ,"78,509",50000 ,"1,333,013",5000 ,9,14,15,17,31,33,23
,532,2013.02.09,7,2216896286 ,26,99476116 ,"1,480",1747554 ,"74,186",50000 ,"1,288,672",5000 ,16,17,23,24,29,44,3
,531,2013.02.02,9,1521519750 ,42,54339992 ,"1,618",1410557 ,"78,757",50000 ,"1,317,489",5000 ,1,5,9,21,27,35,45
,530,2013.01.26,11,1231656239 ,40,56450911 ,"1,449",1558342 ,"75,595",50000 ,"1,255,300",5000 ,16,23,27,29,33,41,22
,529,2013.01.19,8,1749114797 ,33,70671305 ,"1,502",1552699 ,"75,069",50000 ,"1,282,443",5000 ,18,20,24,27,31,42,39
,528,2013.01.12,11,1197889125 ,86,25536397 ,"1,811",1212662 ,"87,443",50000 ,"1,366,616",5000 ,5,17,25,31,39,40,10
,527,2013.01.05,13,1032386366 ,29,77132315 ,"1,967",1137183 ,"83,212",50000 ,"1,287,504",5000 ,1,12,22,32,33,42,38
2012,526,2012.12.29,9,1491031959 ,49,45643836 ,"1,539",1453248 ,"78,325",50000 ,"1,291,054",5000 ,7,14,17,20,35,39,31
,525,2012.12.22,9,1501132375 ,41,54919478 ,"1,543",1459300 ,"73,791",50000 ,"1,215,973",5000 ,11,23,26,29,39,44,22
,524,2012.12.15,4,3491695594 ,36,64661030 ,"1,338",1739759 ,"67,866",50000 ,"1,163,075",5000 ,10,11,29,38,41,45,21
,523,2012.12.08,7,1780355840 ,43,48304229 ,"1,557",1334029 ,"79,706",50000 ,"1,247,454",5000 ,1,4,37,38,40,45,7
,522,2012.12.01,6,2281623000 ,39,58503154 ,"1,495",1526170 ,"76,078",50000 ,"1,293,961",5000 ,4,5,13,14,37,41,11
,521,2012.11.24,8,1693420922 ,53,42601785 ,"1,612",1400679 ,"75,589",50000 ,"1,250,016",5000 ,3,7,18,29,32,36,19
,520,2012.11.17,6,2167205438 ,37,58573120 ,"1,627",1332026 ,"77,196",50000 ,"1,260,891",5000 ,4,22,27,28,38,40,1
,519,2012.11.10,7,1950601393 ,32,71115676 ,"1,357",1677010 ,"71,405",50000 ,"1,206,248",5000 ,6,8,13,16,30,43,3
,518,2012.11.03,6,2263804125 ,34,66582475 ,"1,349",1678135 ,"71,110",50000 ,"1,198,970",5000 ,14,23,30,32,34,38,6
,517,2012.10.27,5,2659057725 ,40,55397036 ,"1,493",1484181 ,"70,854",50000 ,"1,192,872",5000 ,1,9,12,28,36,41,10
,516,2012.10.20,11,1294190182 ,32,74146313 ,"1,338",1773305 ,"67,233",50000 ,"1,169,955",5000 ,2,8,23,41,43,44,30
,515,2012.10.13,1,13200466875 ,35,62859367 ,"1,450",1517296 ,"74,773",50000 ,"1,258,039",5000 ,2,11,12,15,23,37,8
,514,2012.10.06,3,4451055500 ,36,61820216 ,"1,362",1634015 ,"70,323",50000 ,"1,181,166",5000 ,1,15,20,26,35,42,9
,513,2012.09.29,3,4589624750 ,54,42496526 ,"1,626",1411324 ,"82,270",50000 ,"1,337,355",5000 ,5,8,21,23,27,33,12
,512,2012.09.22,13,940094452 ,52,39170603 ,"1,682",1210982 ,"82,439",50000 ,"1,318,396",5000 ,4,5,9,13,26,27,1
,511,2012.09.15,6,2165579250 ,37,58529169 ,"1,524",1420984 ,"72,310",50000 ,"1,209,004",5000 ,3,7,14,23,26,42,24
,510,2012.09.08,5,2644158150 ,25,88138605 ,"1,319",1670558 ,"69,724",50000 ,"1,173,715",5000 ,12,29,32,33,39,40,42
,509,2012.09.01,5,2689076100 ,34,65908728 ,"1,228",1824835 ,"64,934",50000 ,"1,104,261",5000 ,12,25,29,35,42,43,24
,508,2012.08.25,8,1599557860 ,31,68798188 ,"1,596",1336306 ,"75,460",50000 ,"1,234,049",5000 ,5,27,31,34,35,43,37
,507,2012.08.18,9,1416438875 ,29,73264080 ,"1,473",1442403 ,"73,411",50000 ,"1,230,314",5000 ,12,13,32,33,40,41,4
,506,2012.08.11,3,4073333875 ,33,61717180 ,"1,588",1282536 ,"75,289",50000 ,"1,224,774",5000 ,6,9,11,22,24,30,31
,505,2012.08.04,6,1917955188 ,38,50472505 ,"1,440",1331914 ,"69,758",50000 ,"1,144,014",5000 ,7,20,22,25,38,40,44
,504,2012.07.28,9,1443236959 ,29,74650188 ,"1,294",1672995 ,"63,257",50000 ,"1,082,365",5000 ,6,14,22,26,43,44,31
,503,2012.07.21,7,1853634911 ,42,51489859 ,"1,292",1673819 ,"69,822",50000 ,"1,198,882",5000 ,1,5,27,30,34,36,40
,502,2012.07.14,6,2201458125 ,31,71014779 ,"1,482",1485465 ,"70,160",50000 ,"1,176,131",5000 ,6,22,28,32,34,40,26
,501,2012.07.07,4,3025200094 ,61,33062297 ,"1,639",1230507 ,"77,235",50000 ,"1,272,541",5000 ,1,4,10,17,31,42,2
,500,2012.06.30,9,1351072375 ,68,29803068 ,"1,831",1106832 ,"84,979",50000 ,"1,308,863",5000 ,3,4,12,20,24,34,41
,499,2012.06.23,3,4070480250 ,46,44244351 ,"1,514",1344281 ,"76,797",50000 ,"1,252,409",5000 ,5,20,23,27,35,40,43
,498,2012.06.16,4,3244503094 ,35,61800059 ,"1,334",1621441 ,"68,471",50000 ,"1,139,612",5000 ,13,14,24,32,39,41,3
,497,2012.06.09,6,2222817813 ,30,74093928 ,"1,148",1936253 ,"61,101",50000 ,"1,073,640",5000 ,19,20,23,24,43,44,13
,496,2012.06.02,4,3285932250 ,46,47622207 ,"1,389",1577122 ,"66,873",50000 ,"1,117,856",5000 ,4,13,20,29,36,41,39
,495,2012.05.26,6,2111645000 ,44,47991932 ,"1,568",1346713 ,"75,762",50000 ,"1,228,344",5000 ,4,13,22,27,34,44,6
,494,2012.05.19,12,1054588407 ,40,52729421 ,"1,539",1370486 ,"74,174",50000 ,"1,215,736",5000 ,5,7,8,15,30,43,22
,493,2012.05.12,9,1451120334 ,27,80617797 ,"1,342",1621968 ,"68,608",50000 ,"1,154,415",5000 ,20,22,26,33,36,37,25
,492,2012.05.05,5,2493013800 ,40,51937788 ,"1,434",1448753 ,"69,327",50000 ,"1,152,057",5000 ,22,27,31,35,37,40,42
,491,2012.04.28,4,3304634438 ,31,71067408 ,"1,360",1619919 ,"68,290",50000 ,"1,133,544",5000 ,8,17,35,36,39,42,4
,490,2012.04.21,7,1860234161 ,29,74837007 ,"1,357",1599318 ,"65,961",50000 ,"1,126,965",5000 ,2,7,26,29,40,43,42
,489,2012.04.14,6,2106360625 ,52,40506936 ,"1,538",1369546 ,"75,822",50000 ,"1,227,452",5000 ,2,4,8,15,20,27,11
,488,2012.04.07,10,1330393575 ,33,67191595 ,"1,345",1648567 ,"69,224",50000 ,"1,181,353",5000 ,2,8,17,30,31,38,25
,487,2012.03.31,8,1638830766 ,46,47502342 ,"1,587",1376880 ,"76,639",50000 ,"1,265,088",5000 ,4,8,25,27,37,41,21
,486,2012.03.24,13,1008634125 ,29,75357722 ,"1,501",1455946 ,"72,658",50000 ,"1,230,904",5000 ,1,2,23,25,38,40,43
,485,2012.03.17,9,1501474917 ,33,68248860 ,"1,406",1601859 ,"72,785",50000 ,"1,237,898",5000 ,17,22,26,27,36,39,20
,484,2012.03.10,6,2305303063 ,32,72040721 ,"1,343",1716533 ,"70,285",50000 ,"1,197,263",5000 ,1,3,27,28,32,45,11
,483,2012.03.03,5,2567196675 ,53,40364728 ,"1,886",1134322 ,"83,480",50000 ,"1,300,537",5000 ,12,15,19,22,28,34,5
,482,2012.02.25,7,1897921179 ,30,73808046 ,"1,639",1350971 ,"78,522",50000 ,"1,292,139",5000 ,1,10,16,24,25,35,43
,481,2012.02.18,3,4639355750 ,34,68225820 ,"1,294",1792642 ,"66,695",50000 ,"1,185,827",5000 ,3,4,23,29,40,41,20
,480,2012.02.11,4,2996742282 ,50,39956564 ,"1,983",1007478 ,"96,288",50000 ,"1,382,163",5000 ,3,5,10,17,30,31,16
,479,2012.02.04,6,2233046500 ,34,65677839 ,"1,389",1607665 ,"71,489",50000 ,"1,197,119",5000 ,8,23,25,27,35,44,24
,478,2012.01.28,14,987224759 ,35,65814984 ,"1,285",1792627 ,"67,069",50000 ,"1,141,261",5000 ,18,29,30,37,39,43,8
,477,2012.01.21,8,1919011829 ,33,77535832 ,"1,474",1735877 ,"73,001",50000 ,"1,256,239",5000 ,14,25,29,32,33,45,37
,476,2012.01.14,4,3439851469 ,34,67448069 ,"1,294",1772206 ,"68,643",50000 ,"1,203,577",5000 ,9,12,13,15,37,38,27
,475,2012.01.07,8,1693923047 ,33,68441336 ,"1,486",1519896 ,"75,257",50000 ,"1,238,055",5000 ,1,9,14,16,21,29,3
2011,474,2011.12.31,15,936690800 ,48,48785980 ,"1,738",1347369 ,"81,500",50000 ,"1,336,085",5000 ,4,13,18,31,33,45,43
,473,2011.12.24,4,3250418063 ,36,60192928 ,"1,313",1650378 ,"67,064",50000 ,"1,148,971",5000 ,8,13,20,22,23,36,34
,472,2011.12.17,7,1809656090 ,23,91794150 ,"1,352",1561587 ,"68,212",50000 ,"1,132,776",5000 ,16,25,26,31,36,43,44
,471,2011.12.10,7,1939332858 ,30,75418500 ,"1,219",1856075 ,"63,297",50000 ,"1,096,176",5000 ,6,13,29,37,39,41,43
,470,2011.12.03,3,4333330625 ,27,80246864 ,"1,390",1558753 ,"71,706",50000 ,"1,207,572",5000 ,10,16,20,39,41,42,27
,469,2011.11.26,4,3330131250 ,33,67275379 ,"1,277",1738519 ,"65,880",50000 ,"1,125,554",5000 ,4,21,22,34,37,38,33
,468,2011.11.19,9,1527197167 ,33,69418054 ,"1,457",1572269 ,"70,701",50000 ,"1,187,572",5000 ,8,13,15,28,37,43,17
,467,2011.11.12,9,1435441084 ,33,65247322 ,"1,811",1188936 ,"88,314",50000 ,"1,410,192",5000 ,2,12,14,17,24,40,39
,466,2011.11.05,9,1530313459 ,55,41735822 ,"1,746",1314703 ,"83,132",50000 ,"1,327,403",5000 ,4,10,13,23,32,44,20
,465,2011.10.29,7,1923662893 ,46,48788552 ,"1,733",1295023 ,"83,244",50000 ,"1,356,052",5000 ,1,8,11,13,22,38,31
,464,2011.10.22,13,3355721106 ,78,67273025 ,"3,145",1668457 ,"159,899",50000 ,"2,682,564",5000 ,6,12,15,34,42,44,4
,463,2011.10.15,0,0 ,37,54687384 ,"1,254",1613584 ,"62,251",50000 ,"1,060,512",5000 ,23,29,31,33,34,44,40
,462,2011.10.08,8,1483559297 ,39,50719976 ,"1,394",1418996 ,"67,106",50000 ,"1,096,569",5000 ,3,20,24,32,37,45,4
,461,2011.10.01,6,1948674875 ,32,60896090 ,"1,717",1134931 ,"75,605",50000 ,"1,188,529",5000 ,11,18,26,31,37,40,43
,460,2011.09.24,4,3180895782 ,30,70686573 ,"1,307",1622493 ,"66,799",50000 ,"1,130,818",5000 ,8,11,28,30,43,45,41
,459,2011.09.17,7,1655842233 ,46,41995999 ,"1,532",1260977 ,"73,084",50000 ,"1,167,264",5000 ,4,6,10,14,25,40,12
,458,2011.09.10,8,1608812625 ,52,41251606 ,"1,433",1496918 ,"72,902",50000 ,"1,216,672",5000 ,4,9,10,32,36,40,18
,457,2011.09.03,10,1159902825 ,47,41131306 ,"1,506",1283647 ,"72,524",50000 ,"1,149,591",5000 ,8,10,18,23,27,40,33
,456,2011.08.27,7,1598505054 ,39,47818528 ,"1,616",1154037 ,"75,858",50000 ,"1,199,612",5000 ,1,7,12,18,23,27,44
,455,2011.08.20,7,1635711483 ,32,59635315 ,"1,448",1317908 ,"69,056",50000 ,"1,133,097",5000 ,4,19,20,26,30,35,24
,454,2011.08.13,7,1609125590 ,43,43658447 ,"1,397",1343818 ,"74,480",50000 ,"1,090,420",5000 ,13,25,27,34,38,41,10
,453,2011.08.06,5,2262732375 ,36,52378065 ,"1,412",1335419 ,"69,250",50000 ,"1,096,036",5000 ,12,24,33,38,40,42,30
,452,2011.07.30,9,1276902000 ,48,39903188 ,"1,298",1475619 ,"66,864",50000 ,"1,112,471",5000 ,8,10,18,30,32,34,27
,451,2011.07.23,13,882138952 ,31,61654873 ,"1,612",1185671 ,"74,696",50000 ,"1,181,075",5000 ,12,15,20,24,30,38,29
,450,2011.07.16,6,1990391625 ,34,58540931 ,"1,349",1475458 ,"67,461",50000 ,"1,113,967",5000 ,6,14,19,21,23,31,13
,449,2011.07.09,3,4059715250 ,39,52047632 ,"1,295",1567458 ,"65,963",50000 ,"1,114,025",5000 ,3,10,20,26,35,43,36
,448,2011.07.02,3,4026212750 ,35,57517325 ,"1,422",1415687 ,"72,122",50000 ,"1,191,936",5000 ,3,7,13,27,40,41,36
,447,2011.06.25,4,2657941125 ,31,57160025 ,"1,721",1029612 ,"84,363",50000 ,"1,276,737",5000 ,2,7,8,9,17,33,34
,446,2011.06.18,3,4051247625 ,41,49405459 ,"1,375",1473181 ,"68,198",50000 ,"1,136,546",5000 ,1,11,12,14,26,35,6
,445,2011.06.11,7,1791683036 ,28,74653460 ,"1,183",1766946 ,"61,433",50000 ,"1,046,503",5000 ,13,20,21,30,39,45,32
,444,2011.06.04,3,4154188625 ,26,79888243 ,"1,270",1635508 ,"65,611",50000 ,"1,087,892",5000 ,11,13,23,35,43,45,17
,443,2011.05.28,9,1327597584 ,41,48570644 ,"1,668",1193883 ,"74,414",50000 ,"1,193,233",5000 ,4,6,10,19,20,44,14
,442,2011.05.21,9,1413413042 ,27,78522947 ,"1,271",1668073 ,"63,699",50000 ,"1,092,813",5000 ,25,27,29,36,38,40,41
,441,2011.05.14,4,3170417063 ,42,50324081 ,"1,127",1875432 ,"60,027",50000 ,"1,045,164",5000 ,1,23,28,30,34,35,9
,440,2011.05.07,6,1995873000 ,41,48679830 ,"1,495",1335033 ,"68,428",50000 ,"1,103,401",5000 ,10,22,28,34,36,44,2
,439,2011.04.30,6,1900077375 ,33,57578103 ,"1,437",1322253 ,"75,335",50000 ,"1,174,597",5000 ,17,20,30,31,37,40,25
,438,2011.04.23,9,1377142167 ,41,50383250 ,"1,303",1585352 ,"65,010",50000 ,"1,081,763",5000 ,6,12,20,26,29,38,45
,437,2011.04.16,6,2096245438 ,33,63522590 ,"1,286",1630051 ,"64,531",50000 ,"1,080,539",5000 ,11,16,29,38,41,44,21
,436,2011.04.09,8,1512266579 ,44,45826260 ,"1,425",1414987 ,"70,742",50000 ,"1,153,313",5000 ,9,14,20,22,33,34,28
,435,2011.04.02,10,1287550013 ,31,69223119 ,"1,426",1504851 ,"67,838",50000 ,"1,122,280",5000 ,8,16,26,30,38,45,42
,434,2011.03.26,8,1480060266 ,37,53335506 ,"1,867",1056998 ,"78,263",50000 ,"1,217,852",5000 ,3,13,20,24,33,37,35
,433,2011.03.19,11,1182294410 ,41,52866824 ,"1,278",1696041 ,"65,906",50000 ,"1,112,537",5000 ,19,23,29,33,35,43,27
,432,2011.03.12,5,2299427550 ,48,39920618 ,"1,747",1096846 ,"83,754",50000 ,"1,331,414",5000 ,2,3,5,11,27,39,33
,431,2011.03.05,10,1268434013 ,43,49164110 ,"1,337",1581195 ,"66,865",50000 ,"1,115,054",5000 ,18,22,25,31,38,45,6
,430,2011.02.26,8,1611763219 ,45,47755948 ,"1,449",1483104 ,"70,039",50000 ,"1,180,669",5000 ,1,3,16,18,30,34,44
,429,2011.02.19,9,1485904709 ,37,60239381 ,"1,389",1604649 ,"68,256",50000 ,"1,150,652",5000 ,3,23,28,34,39,42,16
,428,2011.02.12,9,1437683209 ,30,71884161 ,"1,568",1375335 ,"76,003",50000 ,"1,258,031",5000 ,12,16,19,22,37,40,8
,427,2011.02.05,1,12571445625 ,33,63492150 ,"1,415",1480736 ,"71,400",50000 ,"1,184,720",5000 ,6,7,15,24,28,30,21
,426,2011.01.29,4,3057233625 ,63,32351679 ,"1,463",1393135 ,"71,102",50000 ,"1,174,590",5000 ,4,17,18,27,39,43,19
,425,2011.01.22,8,1534833000 ,41,49913269 ,"1,297",1577829 ,"66,071",50000 ,"1,110,949",5000 ,8,10,14,27,33,38,3
,424,2011.01.15,10,1109480813 ,51,36257543 ,"1,686",1096759 ,"75,456",50000 ,"1,159,669",5000 ,10,11,26,31,34,44,30
,423,2011.01.08,3,3896153875 ,47,41448446 ,"1,432",1360389 ,"69,948",50000 ,"1,150,428",5000 ,1,17,27,28,29,40,5
,422,2011.01.01,6,2205251375 ,21,105011971 ,"1,293",1705531 ,"64,044",50000 ,"1,104,218",5000 ,8,15,19,21,34,44,12
2010,421,2010.12.25,5,2321144325 ,36,53730193 ,"1,203",1607887 ,"62,947",50000 ,"1,050,873",5000 ,6,11,26,27,28,44,30
,420,2010.12.18,8,1424856375 ,35,54280243 ,"1,187",1600513 ,"62,929",50000 ,"1,065,564",5000 ,4,9,10,29,31,34,27
,419,2010.12.11,3,3796490750 ,33,57522588 ,"1,194",1589821 ,"60,100",50000 ,"1,012,637",5000 ,2,11,13,14,28,30,7
,418,2010.12.04,8,1435649766 ,46,41613037 ,"1,316",1454560 ,"61,748",50000 ,"1,025,606",5000 ,11,13,15,26,28,34,31
,417,2010.11.27,4,2818329938 ,34,55261372 ,"1,181",1590929 ,"58,879",50000 ,"1,001,817",5000 ,4,5,14,20,22,43,44
,416,2010.11.20,10,1072037100 ,32,55835266 ,"1,501",1190359 ,"70,470",50000 ,"1,122,015",5000 ,5,6,8,11,22,26,44
,415,2010.11.13,8,1334182407 ,35,50825997 ,"1,587",1120927 ,"71,409",50000 ,"1,114,259",5000 ,7,17,20,26,30,40,24
,414,2010.11.06,1,11703832500 ,35,55732536 ,"1,220",1598885 ,"58,726",50000 ,"982,817",5000 ,2,14,15,22,23,44,43
,413,2010.10.30,4,2814673500 ,36,52123584 ,"1,256",1493989 ,"62,797",50000 ,"1,062,284",5000 ,2,9,15,23,34,40,3
,412,2010.10.23,7,1656199822 ,34,56830387 ,"1,223",1579913 ,"59,882",50000 ,"1,016,225",5000 ,4,7,39,41,42,45,40
,411,2010.10.16,12,953227563 ,36,52957087 ,"1,318",1446476 ,"63,403",50000 ,"1,041,554",5000 ,11,14,22,35,37,39,5
,410,2010.10.09,9,1249335709 ,37,50648745 ,"1,303",1438223 ,"65,942",50000 ,"1,088,956",5000 ,1,3,18,32,40,41,16
,409,2010.10.02,4,2896989750 ,36,53647959 ,"1,320",1463127 ,"64,123",50000 ,"1,061,106",5000 ,6,9,21,31,32,40,38
,408,2010.09.25,5,2235375825 ,33,56448885 ,"1,244",1497439 ,"62,101",50000 ,"1,039,160",5000 ,9,20,21,22,30,37,16
,407,2010.09.18,7,1649707286 ,27,71283649 ,"1,268",1517870 ,"65,481",50000 ,"1,108,695",5000 ,6,7,13,16,24,25,1
,406,2010.09.11,5,2156142450 ,33,54448042 ,"1,442",1246038 ,"66,604",50000 ,"1,065,324",5000 ,7,12,21,24,27,36,45
,405,2010.09.04,3,3543878000 ,35,50626829 ,"1,283",1381091 ,"63,080",50000 ,"1,056,188",5000 ,1,2,10,25,26,44,4
,404,2010.08.28,3,3566659375 ,26,68589604 ,"1,273",1400888 ,"63,559",50000 ,"1,050,065",5000 ,5,20,21,24,33,40,36
,403,2010.08.21,5,2122396875 ,43,41131723 ,"1,321",1338883 ,"63,122",50000 ,"1,030,051",5000 ,10,14,22,24,28,37,26
,402,2010.08.14,4,2662206188 ,41,43287906 ,"1,271",1396385 ,"62,656",50000 ,"1,034,048",5000 ,5,9,15,19,22,36,32
,401,2010.08.07,9,1168214792 ,29,60424904 ,"1,355",1293227 ,"59,599",50000 ,"949,491",5000 ,6,12,18,31,38,43,9
,400,2010.07.31,4,2669834325 ,30,59329652 ,"1,254",1419370 ,"59,141",60192 ,"978,194",5000 ,9,21,27,34,41,43,2
,399,2010.07.24,8,1276854975 ,40,42561833 ,"1,462",1164483 ,"76,998",44222 ,"1,150,232",5000 ,1,2,9,17,19,42,20
,398,2010.07.17,4,2680625550 ,31,57647862 ,"1,112",1607090 ,"57,405",62263 ,"968,563",5000 ,10,15,20,23,42,44,7
,397,2010.07.10,3,3499519700 ,31,56443867 ,"1,366",1280937 ,"66,958",52265 ,"1,089,481",5000 ,12,13,17,22,25,33,8
,396,2010.07.03,2,5296622400 ,34,51927671 ,"1,202",1468836 ,"61,586",57336 ,"1,015,292",5000 ,18,20,31,34,40,45,30
,395,2010.06.26,7,1534635000 ,42,42628750 ,"1,420",1260851 ,"64,267",55718 ,"1,038,443",5000 ,11,15,20,26,31,35,7
,394,2010.06.19,1,10654349100 ,33,53809844 ,"1,204",1474855 ,"56,300",63081 ,"967,784",5000 ,1,13,20,22,25,28,15
,393,2010.06.12,8,1362003975 ,35,51885866 ,"1,072",1694035 ,"55,951",64915 ,"966,901",5000 ,9,16,28,40,41,43,21
,392,2010.06.05,6,1713528700 ,30,57117624 ,"1,504",1139315 ,"73,927",46358 ,"1,125,811",5000 ,1,3,7,8,24,42,43
,391,2010.05.29,1,10508749800 ,32,54733072 ,"1,337",1309992 ,"60,803",57611 ,"1,013,235",5000 ,10,11,18,22,28,39,30
,390,2010.05.22,1,10373997900 ,37,46729721 ,"1,087",1590617 ,"55,834",61934 ,"960,968",5000 ,16,17,28,37,39,40,15
,389,2010.05.15,5,2119027020 ,36,49051552 ,"1,253",1409303 ,"60,800",58088 ,"1,021,691",5000 ,7,16,18,20,23,26,3
,388,2010.05.08,4,2545543875 ,30,56567642 ,"1,269",1337297 ,"61,475",55211 ,"1,036,812",5000 ,1,8,9,17,29,32,45
,387,2010.05.01,4,2675533500 ,26,68603424 ,"1,177",1515454 ,"58,115",61385 ,"978,618",5000 ,1,26,31,34,40,43,20
,386,2010.04.24,10,1042953330 ,59,29461959 ,"1,683",1032832 ,"72,203",48150 ,"1,114,222",5000 ,4,7,10,19,31,40,26
,385,2010.04.17,7,1542032700 ,36,49973282 ,"1,235",1456712 ,"62,096",57944 ,"1,026,272",5000 ,7,12,19,21,29,32,9
,384,2010.04.10,3,3658734200 ,41,44618710 ,"1,215",1505652 ,"62,090",58927 ,"1,030,160",5000 ,11,22,24,32,36,38,7
,383,2010.04.03,3,3596522100 ,28,64223609 ,"1,251",1437459 ,"60,525",59423 ,"1,010,183",5000 ,4,15,28,33,37,40,25
,382,2010.03.27,6,1846674900 ,32,57708591 ,"1,212",1523660 ,"62,267",59315 ,"1,046,779",5000 ,10,15,22,24,27,42,19
,381,2010.03.20,19,565738895 ,62,28895267 ,"1,981",904345 ,"82,120",43632 ,"1,211,298",5000 ,1,5,10,12,16,20,11
,380,2010.03.13,4,2684274825 ,42,42607537 ,"1,464",1222348 ,"77,583",46132 ,"1,137,404",5000 ,1,2,8,17,26,37,27
,379,2010.03.06,7,1598999786 ,71,26274645 ,"1,342",1390090 ,"62,084",60096 ,"1,022,769",5000 ,6,10,22,31,35,40,19
,378,2010.02.27,5,2317698240 ,30,64380507 ,"1,124",1718341 ,"59,742",64659 ,"1,023,866",5000 ,5,22,29,31,34,39,43
,377,2010.02.20,3,3912085400 ,22,88911032 ,"1,198",1632757 ,"58,733",66608 ,"1,009,758",5000 ,6,22,29,37,43,45,23
,376,2010.02.13,6,1956915800 ,51,38370899 ,"1,411",1386900 ,"69,450",56355 ,"1,151,878",5000 ,1,11,13,24,28,40,7
,375,2010.02.06,7,1581284058 ,42,43924558 ,"1,279",1442402 ,"64,951",56807 ,"1,096,831",5000 ,4,8,19,25,27,45,7
,374,2010.01.30,2,5528717850 ,27,68255776 ,"1,398",1318245 ,"69,786",52816 ,"1,122,320",5000 ,11,13,15,17,25,34,26
,373,2010.01.23,4,2791801125 ,29,64179337 ,"1,117",1666250 ,"57,659",64559 ,"987,105",5000 ,15,26,37,42,43,45,9
,372,2010.01.16,9,1192593200 ,37,48348373 ,"1,368",1307668 ,"62,564",57186 ,"1,038,927",5000 ,8,11,14,16,18,21,13
,371,2010.01.09,7,1524130543 ,29,61315597 ,"1,201",1480560 ,"62,102",57266 ,"1,028,012",5000 ,7,9,15,26,27,42,18
,370,2010.01.02,7,1678941943 ,32,61211425 ,"1,168",1677026 ,"60,549",64701 ,"1,058,734",5000 ,16,18,24,42,44,45,17
2009,369,2009.12.26,6,1842177750 ,31,59425089 ,"1,157",1592203 ,"59,383",62044 ,"987,272",5000 ,17,20,35,36,41,43,21
,368,2009.12.19,7,1465825115 ,38,45003403 ,"1,195",1431071 ,"57,581",59400 ,"954,346",5000 ,11,21,24,30,39,45,26
,367,2009.12.12,7,1581736586 ,37,49874578 ,"1,049",1759161 ,"55,158",66912 ,"955,212",5000 ,3,22,25,29,32,44,19
,366,2009.12.05,2,5351553900 ,39,45739777 ,"1,617",1103186 ,"71,467",49921 ,"1,028,514",5000 ,5,12,19,26,27,44,38
,365,2009.11.28,1,10697716800 ,35,50941509 ,"1,181",1509698 ,"62,472",57081 ,"1,014,701",5000 ,5,15,21,25,26,30,31
,364,2009.11.21,4,2531914800 ,37,45620087 ,"1,259",1340702 ,"63,195",53421 ,"1,043,314",5000 ,2,5,7,14,16,40,4
,363,2009.11.14,4,2615910600 ,33,52846679 ,"1,216",1434162 ,"59,672",58451 ,"998,514",5000 ,11,12,14,21,32,38,6
,362,2009.11.07,6,1729424650 ,26,66516333 ,"1,173",1474361 ,"56,798",60898 ,"974,787",5000 ,2,3,22,27,30,40,29
,361,2009.10.31,7,1473115115 ,34,50548068 ,"1,463",1174733 ,"67,347",51039 ,"1,068,999",5000 ,5,10,16,24,27,35,33
,360,2009.10.24,3,3566716200 ,33,54041155 ,"1,208",1476290 ,"60,311",59139 ,"1,005,187",5000 ,4,16,23,25,35,40,27
,359,2009.10.17,8,1286712600 ,37,46368022 ,"1,656",1036001 ,"73,283",46822 ,"1,097,592",5000 ,1,10,19,20,24,40,23
,358,2009.10.10,3,3472654900 ,44,39461988 ,"1,382",1256388 ,"68,247",50884 ,"1,092,528",5000 ,1,9,10,12,21,40,37
,357,2009.10.03,2,5313394350 ,27,65597462 ,"1,116",1587036 ,"56,547",62643 ,"980,978",5000 ,10,14,18,21,36,37,5
,356,2009.09.26,9,1157185267 ,37,46912917 ,"1,263",1374330 ,"61,162",56761 ,"996,940",5000 ,2,8,14,25,29,45,24
,355,2009.09.19,5,2145424800 ,24,74493917 ,"1,094",1634236 ,"54,130",66058 ,"925,997",5000 ,5,8,29,30,35,44,38
,354,2009.09.12,5,2124464340 ,34,52070205 ,"1,014",1745944 ,"54,318",65187 ,"930,195",5000 ,14,19,36,43,44,45,1
,353,2009.09.05,2,5290838250 ,29,60814233 ,"1,042",1692527 ,"54,217",65058 ,"928,067",5000 ,11,16,19,22,29,36,26
,352,2009.08.29,6,1732858250 ,29,59753733 ,"1,166",1486157 ,"58,931",58810 ,"1,006,238",5000 ,5,16,17,20,26,41,24
,351,2009.08.22,4,2583357150 ,29,59387521 ,"1,137",1514722 ,"55,472",62094 ,"950,273",5000 ,5,25,27,29,34,36,33
,350,2009.08.15,9,1101052467 ,23,71807770 ,"1,197",1379765 ,"57,420",57527 ,"964,952",5000 ,1,8,18,24,29,33,35
,349,2009.08.08,3,3353209000 ,37,45313636 ,"1,168",1435450 ,"59,338",56511 ,"990,178",5000 ,5,13,14,20,24,25,36
,348,2009.08.01,3,3299994000 ,37,44594514 ,"1,222",1350244 ,"65,694",50233 ,"978,637",5000 ,3,14,17,20,24,31,34
,347,2009.07.25,7,1456624286 ,38,44720922 ,"1,399",1214722 ,"63,761",53306 ,"1,023,184",5000 ,3,8,13,27,32,42,10
,346,2009.07.18,5,2017727340 ,26,64670749 ,"1,146",1467225 ,"54,509",61695 ,"923,360",5000 ,5,13,14,22,44,45,33
,345,2009.07.11,2,5203577550 ,38,45645418 ,"1,028",1687282 ,"50,722",68394 ,"884,042",5000 ,15,20,23,29,39,42,2
,344,2009.07.04,7,1467106543 ,23,74418448 ,"1,106",1547581 ,"56,496",60593 ,"960,640",5000 ,1,2,15,28,34,45,38
,343,2009.06.27,6,1717153000 ,29,59212173 ,"1,096",1566746 ,"53,794",63842 ,"931,340",5000 ,1,10,17,29,31,43,15
,342,2009.06.20,3,3454095800 ,29,59553376 ,"1,177",1467331 ,"56,149",61517 ,"924,123",5000 ,1,13,14,33,34,43,25
,341,2009.06.13,7,1497207772 ,33,52931588 ,"1,235",1414367 ,"58,756",59458 ,"978,760",5000 ,1,8,19,34,39,43,41
,340,2009.06.06,7,1439393186 ,35,47979773 ,"1,125",1492705 ,"56,209",59752 ,"930,628",5000 ,18,24,26,29,34,38,32
,339,2009.05.30,9,1096778334 ,32,51411485 ,"1,107",1486150 ,"54,545",60324 ,"913,229",5000 ,6,8,14,21,30,37,45
,338,2009.05.23,3,3383431000 ,39,43377321 ,"1,123",1506426 ,"54,492",62091 ,"930,171",5000 ,2,13,34,38,42,45,16
,337,2009.05.16,8,1257500513 ,33,50808102 ,"1,194",1404245 ,"59,392",56462 ,"989,912",5000 ,1,5,14,18,32,37,4
,336,2009.05.09,6,1685632650 ,30,56187755 ,989,1704381 ,"54,887",61422 ,"935,668",5000 ,3,5,20,34,35,44,16
,335,2009.05.02,5,2037492480 ,28,60639658 ,"1,222",1389453 ,"60,578",56057 ,"1,001,927",5000 ,5,9,16,23,26,45,21
,334,2009.04.25,7,1523002972 ,31,57317317 ,"1,055",1684206 ,"52,311",67934 ,"890,292",5000 ,13,15,21,29,39,43,33
,333,2009.04.18,7,1550987143 ,36,50263473 ,"1,365",1325631 ,"59,991",60326 ,"982,937",5000 ,5,14,27,30,39,43,35
,332,2009.04.11,8,1359448388 ,37,48989132 ,"1,098",1650818 ,"59,833",60589 ,"979,060",5000 ,16,17,34,36,42,45,3
,331,2009.04.04,5,2165902620 ,45,40109308 ,"1,365",1322285 ,"64,617",55866 ,"1,054,309",5000 ,4,9,14,26,31,44,39
,330,2009.03.28,9,1162280200 ,32,54481885 ,"1,431",1218324 ,"69,225",50370 ,"1,099,109",5000 ,3,4,16,17,19,20,23
,329,2009.03.21,6,1830391200 ,33,55466400 ,"1,215",1506495 ,"62,711",58376 ,"1,059,068",5000 ,9,17,19,30,35,42,4
,328,2009.03.14,6,1819795900 ,30,60659864 ,"1,380",1318693 ,"66,590",54657 ,"1,092,107",5000 ,1,6,9,16,17,28,24
,327,2009.03.07,12,882674750 ,39,45265372 ,"1,242",1421377 ,"63,599",55515 ,"1,048,457",5000 ,6,12,13,17,32,44,24
,326,2009.02.28,6,1832134550 ,31,59101115 ,"1,335",1372386 ,"64,087",57177 ,"1,058,186",5000 ,16,23,25,33,36,39,40
,325,2009.02.21,6,1806122450 ,33,54730984 ,"1,258",1435710 ,"62,629",57677 ,"1,051,453",5000 ,7,17,20,32,44,45,33
,324,2009.02.14,6,1865130350 ,40,46628259 ,"1,228",1518836 ,"62,473",59710 ,"1,068,571",5000 ,2,4,21,25,33,36,17
,323,2009.02.07,8,1461025388 ,27,72149402 ,"1,175",1657902 ,"60,796",64085 ,"1,024,880",5000 ,10,14,15,32,36,42,3
,322,2009.01.31,6,1904544700 ,29,65673956 ,"1,465",1300031 ,"67,829",56158 ,"1,085,740",5000 ,9,18,29,32,38,43,20
,321,2009.01.24,6,1959136100 ,35,55975318 ,"1,276",1535374 ,"68,791",56960 ,"1,143,526",5000 ,12,18,20,21,25,34,42
,320,2009.01.17,2,5513067900 ,25,73507572 ,"1,081",1699991 ,"57,061",64412 ,"990,610",5000 ,16,19,23,25,41,45,3
,319,2009.01.10,5,2135659380 ,26,68450622 ,"1,151",1546235 ,"59,490",59833 ,"984,086",5000 ,5,8,22,28,33,42,37
,318,2009.01.03,9,1207436600 ,28,64684104 ,"1,381",1311481 ,"64,077",56531 ,"1,044,063",5000 ,2,17,19,20,34,45,21
2008,317,2008.12.27,4,2576258550 ,25,68700228 ,"1,132",1517232 ,"57,565",59672 ,"978,500",5000 ,3,10,11,22,36,39,8
,316,2008.12.20,6,1673586400 ,29,57709876 ,"1,398",1197130 ,"68,356",48967 ,"1,060,204",5000 ,10,11,21,27,31,39,43
,315,2008.12.13,8,1308728625 ,32,54530360 ,"1,063",1641554 ,"56,207",62091 ,"943,975",5000 ,1,13,33,35,43,45,23
,314,2008.12.06,6,1660512200 ,24,69188009 ,"1,067",1556244 ,"54,892",60502 ,"911,785",5000 ,15,17,19,34,38,41,2
,313,2008.11.29,6,1715422800 ,26,65977800 ,"1,120",1531628 ,"55,743",61548 ,"936,364",5000 ,9,17,34,35,43,45,2
,312,2008.11.22,15,629017820 ,58,27112838 ,"2,064",761892 ,"91,934",34211 ,"1,080,450",5000 ,2,3,5,6,12,20,25
,311,2008.11.15,8,1237691063 ,43,38378018 ,"1,363",1210752 ,"64,780",50950 ,"1,020,412",5000 ,4,12,24,27,28,32,10
,310,2008.11.08,8,1296713325 ,29,59619004 ,"1,086",1592036 ,"53,956",64088 ,"913,906",5000 ,1,5,19,28,34,41,16
,309,2008.11.01,11,901622946 ,25,66119016 ,"1,390",1189191 ,"69,125",47826 ,"1,109,802",5000 ,1,2,5,11,18,36,22
,308,2008.10.25,1,10232872800 ,27,63165882 ,978,1743844 ,"53,749",63461 ,"922,984",5000 ,14,15,17,19,37,45,40
,307,2008.10.18,4,2587643250 ,28,61610554 ,"1,177",1465672 ,"59,400",58085 ,"937,908",5000 ,5,15,21,23,25,45,12
,306,2008.10.11,5,2102669520 ,23,76183679 ,"1,219",1437428 ,"56,687",61822 ,"937,697",5000 ,4,18,23,30,34,41,19
,305,2008.10.04,5,2008210140 ,34,49220837 ,"1,377",1215330 ,"66,162",50589 ,"1,049,049",5000 ,7,8,18,21,23,39,9
,304,2008.09.27,6,1661646150 ,37,44909356 ,"1,426",1165250 ,"62,096",53519 ,"992,573",5000 ,4,10,16,26,33,41,38
,303,2008.09.20,6,1672749000 ,29,57681000 ,"1,158",1444516 ,"56,266",59459 ,"938,678",5000 ,2,14,17,30,38,45,43
,302,2008.09.13,2,5472167250 ,44,41455813 ,"1,134",1608515 ,"59,455",61360 ,"990,149",5000 ,13,19,20,32,38,42,4
,301,2008.09.06,7,1447385015 ,47,35927997 ,"1,271",1328573 ,"65,756",51361 ,"1,060,486",5000 ,7,11,13,33,37,43,26
,300,2008.08.30,12,836092425 ,34,49181908 ,"1,416",1180922 ,"70,193",47646 ,"1,102,135",5000 ,7,9,10,12,26,38,39
,299,2008.08.23,7,1483772529 ,29,59691999 ,"1,118",1548362 ,"58,114",59575 ,"984,255",5000 ,1,3,20,25,36,45,24
,298,2008.08.16,1,9909778500 ,40,41290744 ,"1,353",1220717 ,"63,561",51970 ,"1,011,908",5000 ,5,9,27,29,37,40,19
,297,2008.08.09,2,5056668750 ,28,60198438 ,"1,275",1322005 ,"61,258",55032 ,"993,035",5000 ,6,11,19,20,28,32,34
,296,2008.08.02,8,3066088275 ,53,46243415 ,"2,066",1186303 ,"89,945",54498 ,"1,435,988",5000 ,3,8,15,27,30,45,44
,295,2008.07.26,0,0 ,26,62969875 ,"1,013",1616207 ,"55,376",59131 ,"950,380",5000 ,1,4,12,16,18,38,8
,294,2008.07.19,4,2406504975 ,26,61705256 ,"1,137",1411027 ,"56,795",56496 ,"947,708",5000 ,6,10,17,30,37,38,40
,293,2008.07.12,6,1656764400 ,21,78893543 ,"1,154",1435672 ,"61,059",54268 ,"926,442",5000 ,1,9,17,21,29,33,24
,292,2008.07.05,14,720373950 ,37,45428988 ,"1,688",995778 ,"66,893",50256 ,"977,718",5000 ,17,18,31,32,33,34,10
,291,2008.06.28,7,1450585200 ,39,43393575 ,"1,227",1379258 ,"62,513",54144 ,"1,029,643",5000 ,3,7,8,18,20,42,45
,290,2008.06.21,13,2149214424 ,61,51251650 ,"2,297",1361059 ,"106,752",58573 ,"1,783,529",5000 ,8,13,18,32,39,45,7
,289,2008.06.14,0,0 ,24,63761694 ,"1,019",1501748 ,"52,281",58541 ,"880,103",5000 ,3,14,33,37,38,42,10
,288,2008.06.07,4,2357261550 ,24,65479488 ,"1,056",1488171 ,"50,246",62553 ,"853,998",5000 ,1,12,17,28,35,41,10
,287,2008.05.31,7,1328657100 ,37,41894594 ,"1,330",1165489 ,"60,597",51161 ,"962,149",5000 ,6,12,24,27,35,37,41
,286,2008.05.24,3,3236566300 ,27,59936413 ,"1,033",1566586 ,"48,857",66246 ,"857,882",5000 ,1,15,19,40,42,44,17
,285,2008.05.17,3,3164370100 ,26,60853272 ,"1,017",1555738 ,"51,283",61705 ,"872,117",5000 ,13,33,37,40,41,45,2
,284,2008.05.10,3,3117640300 ,14,111344297 ,955,1632273 ,"50,537",61691 ,"859,700",5000 ,2,7,15,24,30,45,28
,283,2008.05.03,3,3137224600 ,24,65358846 ,"1,061",1478429 ,"52,989",59206 ,"876,107",5000 ,6,8,18,31,38,45,42
,282,2008.04.26,7,1322052643 ,32,48199836 ,"1,523",1012735 ,"66,297",46530 ,"1,020,328",5000 ,2,5,10,18,31,32,30
,281,2008.04.19,6,1554683200 ,37,42018465 ,"1,491",1042712 ,"74,543",41713 ,"970,685",5000 ,1,3,4,6,14,41,12
,280,2008.04.12,7,1355258529 ,27,58560554 ,"1,145",1380904 ,"53,915",58653 ,"905,130",5000 ,10,11,23,24,36,37,35
,279,2008.04.05,5,1914205320 ,27,59080412 ,"1,088",1466150 ,"55,421",57566 ,"922,712",5000 ,7,16,31,36,37,38,11
,278,2008.03.29,3,3186530000 ,27,59009815 ,"1,089",1463054 ,"55,643",57268 ,"922,288",5000 ,3,11,37,39,41,43,13
,277,2008.03.22,3,3272627800 ,31,52784320 ,"1,104",1482169 ,"55,271",59211 ,"914,243",5000 ,10,12,13,15,25,29,20
,276,2008.03.15,3,3312569000 ,31,53428533 ,"1,161",1426602 ,"59,894",55308 ,"944,192",5000 ,4,15,21,33,39,41,25
,275,2008.03.08,1,10044066900 ,19,88105850 ,991,1689215 ,"51,657",64813 ,"884,959",5000 ,14,19,20,35,38,40,26
,274,2008.03.01,4,2505085575 ,37,45136678 ,"1,254",1331784 ,"57,315",58277 ,"923,057",5000 ,13,14,15,26,35,39,25
,273,2008.02.23,3,3339543100 ,21,79512931 ,"1,096",1523515 ,"56,192",59431 ,"942,078",5000 ,1,8,24,31,34,44,6
,272,2008.02.16,9,1104622800 ,39,42485493 ,"1,370",1209442 ,"63,219",52419 ,"1,017,199",5000 ,7,9,12,27,39,43,28
,271,2008.02.09,6,1565918150 ,28,55925649 ,"1,256",1246751 ,"59,418",52709 ,"956,127",5000 ,3,8,9,27,29,40,36
,270,2008.02.02,5,1927830060 ,32,50203908 ,"1,242",1293499 ,"59,807",53724 ,"971,485",5000 ,5,9,12,20,21,26,27
,269,2008.01.26,5,1961399940 ,22,74295453 ,"1,014",1611933 ,"50,514",64715 ,"866,762",5000 ,5,18,20,36,42,43,32
,268,2008.01.19,7,1350954515 ,35,45031818 ,"1,362",1157206 ,"61,857",50960 ,"969,153",5000 ,3,10,19,24,32,45,12
,267,2008.01.12,3,3257663300 ,28,58172559 ,"1,141",1427548 ,"55,101",59122 ,"925,922",5000 ,7,8,24,34,36,41,1
,266,2008.01.05,3,3207211700 ,36,44544607 ,"1,194",1343054 ,"58,820",54526 ,"986,495",5000 ,3,4,9,11,22,42,37
2007,265,2007.12.29,8,1200838575 ,19,84269374 ,"1,010",1585266 ,"52,966",60459 ,"889,156",5000 ,5,9,34,37,38,39,12
,264,2007.12.22,7,1344889200 ,27,58112497 ,"1,047",1498604 ,"50,096",62642 ,"840,243",5000 ,9,16,27,36,41,44,5
,263,2007.12.15,6,1551704900 ,27,57470552 ,937,1656036 ,"50,490",61466 ,"864,303",5000 ,1,27,28,32,37,40,18
,262,2007.12.08,2,4518741600 ,21,71726058 ,"1,106",1361888 ,"54,807",54966 ,"910,729",5000 ,9,12,24,25,29,31,36
,261,2007.12.01,3,3192299100 ,32,49879674 ,"1,104",1445788 ,"56,285",56717 ,"929,205",5000 ,6,11,16,18,31,43,2
,260,2007.11.24,4,2310085575 ,26,59232964 ,"1,284",1199422 ,"58,258",52871 ,"933,907",5000 ,7,12,15,24,37,40,43
,259,2007.11.17,2,4838533500 ,25,64513780 ,"1,030",1565869 ,"50,402",64000 ,"864,868",5000 ,4,5,14,35,42,45,34
,258,2007.11.10,4,2426434350 ,28,57772247 ,"1,724",938297 ,"54,638",59213 ,"901,197",5000 ,14,27,30,31,38,40,17
,257,2007.11.03,4,2391377025 ,18,88569520 ,"1,233",1292986 ,"57,977",54996 ,"954,861",5000 ,6,13,27,31,32,37,4
,256,2007.10.27,2,4891017000 ,34,47951148 ,"1,192",1367735 ,"56,975",57230 ,"938,980",5000 ,4,11,14,21,23,43,32
,255,2007.10.20,6,1598618550 ,13,122970658 ,"1,054",1516716 ,"55,422",57689 ,"945,297",5000 ,1,5,6,24,27,42,32
,254,2007.10.13,1,9741015900 ,33,49197050 ,"1,225",1325309 ,"59,196",54852 ,"978,906",5000 ,1,5,19,20,24,30,27
,253,2007.10.06,4,2466189525 ,20,82206318 ,"1,169",1406439 ,"57,084",57604 ,"942,682",5000 ,8,19,25,31,34,36,33
,252,2007.09.29,7,1391089715 ,24,67622417 ,"1,087",1493044 ,"51,895",62547 ,"874,916",5000 ,14,23,26,31,39,45,28
,251,2007.09.22,8,1282616400 ,40,42753880 ,"1,242",1376937 ,"62,015",55153 ,"1,028,991",5000 ,6,7,19,25,28,38,45
,250,2007.09.15,5,1994726280 ,17,97780700 ,"1,051",1581610 ,"51,328",64771 ,"887,737",5000 ,19,23,30,37,43,45,38
,249,2007.09.08,6,1663568700 ,29,57364438 ,"1,169",1423070 ,"56,034",59378 ,"926,776",5000 ,3,8,27,31,41,44,11
,248,2007.09.01,8,1227479363 ,23,71158224 ,"1,155",1417004 ,"58,847",55624 ,"961,562",5000 ,3,8,17,23,38,45,13
,247,2007.08.25,6,1669313900 ,29,57562549 ,"1,019",1638189 ,"52,284",63856 ,"884,542",5000 ,12,15,28,36,39,40,13
,246,2007.08.18,5,1911774240 ,26,61274816 ,"1,294",1231179 ,"59,600",53462 ,"959,025",5000 ,13,18,21,23,26,39,15
,245,2007.08.11,7,1382583129 ,35,46086105 ,"1,092",1477119 ,"57,445",56159 ,"959,435",5000 ,9,11,27,31,32,38,22
,244,2007.08.04,1,9121583100 ,25,60810554 ,"1,096",1387103 ,"54,930",55353 ,"900,577",5000 ,13,16,25,36,37,38,19
,243,2007.07.28,4,2408850000 ,29,55375863 ,"1,089",1474656 ,"54,055",59418 ,"918,683",5000 ,2,12,17,19,28,42,34
,242,2007.07.21,8,1234542375 ,36,45723792 ,"1,245",1322134 ,"60,644",54286 ,"975,863",5000 ,4,19,20,21,32,34,43
,241,2007.07.14,4,2552016300 ,34,50039536 ,967,1759405 ,"53,783",63267 ,"922,001",5000 ,2,16,24,27,28,35,21
,240,2007.07.07,2,5098251450 ,28,60693470 ,"1,084",1567728 ,"57,376",59238 ,"961,510",5000 ,6,10,16,40,41,43,21
,239,2007.06.30,9,1134140167 ,29,58662423 ,"1,083",1570832 ,"55,850",60921 ,"927,236",5000 ,11,15,24,39,41,44,7
,238,2007.06.23,9,1121660567 ,29,58016926 ,"1,066",1578322 ,"54,591",61640 ,"930,266",5000 ,2,4,15,28,31,34,35
,237,2007.06.16,7,1440630729 ,39,43095792 ,"1,098",1530725 ,"57,338",58626 ,"974,357",5000 ,1,11,17,21,24,44,33
,236,2007.06.09,2,5030040150 ,41,40894636 ,"1,046",1602945 ,"54,480",61553 ,"940,827",5000 ,1,4,8,13,37,39,7
,235,2007.06.02,3,3433330100 ,29,59195347 ,"1,178",1457271 ,"59,548",57657 ,"901,409",5000 ,21,22,26,27,31,37,8
,234,2007.05.26,4,2519743875 ,23,73036055 ,"1,049",1601363 ,"54,926",61167 ,"921,750",5000 ,13,21,22,24,26,37,4
,233,2007.05.19,10,999153750 ,26,64048318 ,"1,274",1307109 ,"62,535",53259 ,"1,021,168",5000 ,4,6,13,17,28,40,39
,232,2007.05.12,9,1110918400 ,18,92576534 ,"1,268",1314178 ,"65,000",51274 ,"1,023,708",5000 ,8,9,10,12,24,44,35
,231,2007.05.05,9,1088365900 ,19,85923624 ,"1,267",1288516 ,"59,311",55051 ,"970,465",5000 ,5,10,19,31,44,45,27
,230,2007.04.28,8,1292929163 ,25,68956222 ,"1,037",1662397 ,"56,346",61190 ,"971,324",5000 ,5,11,14,29,32,33,12
,229,2007.04.21,7,1451441100 ,27,62716591 ,"1,312",1290662 ,"67,524",50156 ,"1,089,603",5000 ,4,5,9,11,23,38,35
,228,2007.04.14,9,1146700334 ,39,44103859 ,"1,338",1285539 ,"66,002",52122 ,"1,036,309",5000 ,17,25,35,36,39,44,23
,227,2007.04.07,2,5253542400 ,24,72965867 ,"1,103",1587653 ,"56,663",61811 ,"942,116",5000 ,4,5,15,16,22,42,2
,226,2007.03.31,6,1744100150 ,38,45897373 ,"1,305",1336476 ,"64,076",54439 ,"1,026,364",5000 ,2,6,8,14,21,22,34
,225,2007.03.24,6,1777201800 ,41,43346386 ,"1,287",1380888 ,"65,281",54448 ,"1,080,798",5000 ,5,11,13,19,31,36,7
,224,2007.03.17,6,1808969950 ,26,69575768 ,"1,158",1562151 ,"60,549",59753 ,"1,025,571",5000 ,4,19,26,27,30,42,7
,223,2007.03.10,7,1498170600 ,39,44817070 ,"1,416",1234369 ,"67,509",51782 ,"1,107,956",5000 ,1,3,18,20,26,27,38
,222,2007.03.03,5,2275193820 ,33,57454390 ,"1,105",1715833 ,"57,093",66418 ,"981,530",5000 ,5,7,28,29,39,43,44
,221,2007.02.24,6,1800104250 ,44,40911461 ,"1,608",1119468 ,"75,459",47711 ,"1,167,205",5000 ,2,20,33,35,37,40,10
,220,2007.02.17,6,1958094950 ,28,69931963 ,"1,317",1486785 ,"67,271",58216 ,"1,122,150",5000 ,5,11,19,21,34,43,31
,219,2007.02.10,9,1208409167 ,41,44210092 ,"1,292",1402952 ,"63,889",56743 ,"1,065,147",5000 ,4,11,20,26,35,37,16
,218,2007.02.03,4,2779075800 ,26,71258354 ,"1,203",1540081 ,"60,492",61255 ,"996,397",5000 ,1,8,14,18,29,44,20
,217,2007.01.27,7,1611246172 ,29,64820249 ,"1,206",1558696 ,"64,156",58601 ,"1,066,490",5000 ,16,20,27,33,35,39,38
,216,2007.01.20,13,848506108 ,63,29181427 ,"2,612",703840 ,"79,174",46441 ,"1,157,342",5000 ,7,16,17,33,36,40,1
,215,2007.01.13,7,1587689615 ,32,57884518 ,"1,248",1484219 ,"65,898",56218 ,"1,062,967",5000 ,2,3,7,15,43,44,4
,214,2007.01.06,8,1406980875 ,36,52110403 ,"1,433",1309124 ,"70,219",53433 ,"1,167,625",5000 ,5,7,20,25,28,37,32
2006,213,2006.12.30,8,1376678025 ,33,55623355 ,"1,977",928463 ,"95,451",38462 ,"1,203,368",5000 ,2,3,4,5,20,24,42
,212,2006.12.23,4,2660747250 ,36,49273098 ,"1,228",1444489 ,"64,059",55382 ,"1,066,249",5000 ,11,12,18,21,31,38,8
,211,2006.12.16,10,1035800250 ,29,59528750 ,"1,308",1319828 ,"64,785",53295 ,"1,080,600",5000 ,12,13,17,20,33,41,8
,210,2006.12.09,2,5139085950 ,46,37239754 ,"1,298",1319745 ,"64,325",53262 ,"1,049,739",5000 ,10,19,22,23,25,37,39
,209,2006.12.02,6,1660896350 ,34,48849893 ,"1,358",1223046 ,"65,973",50351 ,"1,053,545",5000 ,2,7,18,20,24,33,37
,208,2006.11.25,6,1760767400 ,34,51787277 ,"1,224",1438536 ,"64,277",54787 ,"1,030,103",5000 ,14,25,31,34,40,44,24
,207,2006.11.18,5,2104673760 ,37,47402563 ,"1,203",1457935 ,"60,871",57627 ,"1,020,444",5000 ,3,11,14,31,32,37,38
,206,2006.11.11,5,2032859340 ,36,47056930 ,"1,549",1093641 ,"66,445",50992 ,"1,044,599",5000 ,1,2,3,15,20,25,43
,205,2006.11.04,6,1835221800 ,21,87391515 ,"1,098",1671423 ,"56,067",65466 ,"962,608",5000 ,1,3,21,29,35,37,30
,204,2006.10.28,8,1358347125 ,23,78744761 ,"1,180",1534856 ,"57,646",62837 ,"985,516",5000 ,3,12,14,35,40,45,5
,203,2006.10.21,5,2164564740 ,43,41948930 ,"1,328",1358287 ,"66,916",53913 ,"1,095,728",5000 ,1,3,11,24,30,32,7
,202,2006.10.14,6,1893391700 ,40,47334793 ,"1,232",1536844 ,"62,532",60558 ,"1,043,620",5000 ,12,14,27,33,39,44,17
,201,2006.10.07,1,9719465400 ,37,43781376 ,"1,347",1202607 ,"61,045",53073 ,"985,655",5000 ,3,11,24,38,39,44,26
,200,2006.09.30,8,1344616613 ,58,30910727 ,"1,387",1292590 ,"66,233",54137 ,"1,078,398",5000 ,5,6,13,14,17,20,7
,199,2006.09.23,2,5344252200 ,23,77452931 ,"1,049",1698206 ,"55,426",64281 ,"939,272",5000 ,14,21,22,25,30,36,43
,198,2006.09.16,6,1797855050 ,25,71914202 ,"1,050",1712243 ,"55,693",64564 ,"965,692",5000 ,12,19,20,25,41,45,2
,197,2006.09.09,6,1803018300 ,42,42929008 ,"1,229",1467062 ,"58,551",61588 ,"993,294",5000 ,7,12,16,34,42,45,4
,196,2006.09.02,15,727876520 ,27,67395975 ,"1,518",1198743 ,"58,079",62663 ,"937,967",5000 ,35,36,37,41,44,45,30
,195,2006.08.26,11,918992591 ,66,25527572 ,"1,691",996346 ,"70,324",47916 ,"1,067,833",5000 ,7,10,19,22,35,40,31
,194,2006.08.19,4,2650567875 ,21,84145012 ,"1,072",1648364 ,"53,559",65985 ,"917,061",5000 ,15,20,23,26,39,44,28
,193,2006.08.12,3,3404449700 ,20,85111243 ,"1,135",1499758 ,"58,638",58059 ,"974,398",5000 ,6,14,18,26,36,39,13
,192,2006.08.05,4,2445348375 ,38,42900849 ,"1,098",1484729 ,"55,766",58467 ,"943,042",5000 ,4,8,11,18,37,45,33
,191,2006.07.29,4,2577114675 ,23,74698977 ,"1,145",1500504 ,"59,650",57606 ,"1,017,334",5000 ,5,6,24,25,32,37,8
,190,2006.07.22,6,1784159450 ,33,54065438 ,"1,016",1756063 ,"53,791",66337 ,"918,127",5000 ,8,14,18,30,31,44,15
,189,2006.07.15,3,3461775100 ,33,52451138 ,"1,085",1595289 ,"52,193",66327 ,"903,280",5000 ,8,14,32,35,37,45,28
,188,2006.07.08,3,3501405200 ,33,53051594 ,"1,320",1326290 ,"61,227",57188 ,"1,016,219",5000 ,19,24,27,30,31,34,36
,187,2006.07.01,7,1544733900 ,19,94852082 ,"1,253",1438300 ,"59,780",60295 ,"981,217",5000 ,1,2,8,18,29,38,42
,186,2006.06.24,9,1187882600 ,46,38735303 ,"1,169",1524230 ,"58,566",60849 ,"984,795",5000 ,4,10,14,19,21,45,9
,185,2006.06.17,3,3522485800 ,34,51801262 ,"1,228",1434237 ,"65,938",53422 ,"1,055,823",5000 ,1,2,4,8,19,38,14
,184,2006.06.10,6,1747753050 ,31,56379131 ,"1,331",1313113 ,"63,344",55183 ,"1,054,829",5000 ,1,2,6,16,20,33,41
,183,2006.06.03,6,1777221500 ,25,71088860 ,"1,294",1373433 ,"67,137",52944 ,"1,039,403",5000 ,2,18,24,34,40,42,5
,182,2006.05.27,3,3721439400 ,44,42289085 ,"1,228",1515245 ,"59,004",63071 ,"1,000,820",5000 ,13,15,27,29,34,40,35
,181,2006.05.20,6,1941763300 ,24,80906805 ,"1,233",1574829 ,"60,637",64046 ,"1,028,918",5000 ,14,21,23,32,40,45,44
,180,2006.05.13,2,5763371550 ,35,54889253 ,"1,284",1496203 ,"62,876",61109 ,"1,047,300",5000 ,2,15,20,21,29,34,22
,179,2006.05.06,10,1081093920 ,53,33996665 ,"1,540",1170016 ,"69,956",51514 ,"1,125,523",5000 ,5,9,17,25,39,43,32
,178,2006.04.29,5,2254621080 ,44,42701157 ,"1,566",1199778 ,"74,612",50364 ,"1,200,574",5000 ,1,5,11,12,18,23,9
,177,2006.04.22,7,1693285500 ,30,65849992 ,"1,260",1567857 ,"64,437",61316 ,"1,097,033",5000 ,1,10,13,16,37,43,6
,176,2006.04.15,5,2314663080 ,40,48222148 ,"1,535",1256604 ,"76,689",50305 ,"1,191,081",5000 ,4,17,30,32,33,34,15
,175,2006.04.08,5,2371132620 ,48,41165497 ,"1,347",1466922 ,"67,585",58473 ,"1,137,627",5000 ,19,26,28,31,33,36,17
,174,2006.04.01,7,1771103058 ,26,79472574 ,"1,325",1559462 ,"64,999",63580 ,"1,101,483",5000 ,13,14,18,22,35,39,16
,173,2006.03.25,8,1487736788 ,63,31486493 ,"1,448",1369924 ,"78,349",50637 ,"1,261,354",5000 ,3,9,24,30,33,34,18
,172,2006.03.18,11,1081154073 ,19,104321885 ,"1,276",1553383 ,"65,456",60564 ,"1,111,595",5000 ,4,19,21,24,26,41,35
,171,2006.03.11,6,1961339700 ,19,103228406 ,"1,381",1420232 ,"71,461",54893 ,"1,113,068",5000 ,4,16,25,29,34,35,1
,170,2006.03.04,6,1923108250 ,27,71226232 ,"1,309",1469144 ,"67,030",57381 ,"1,125,608",5000 ,2,11,13,15,31,42,10
,169,2006.02.25,5,2482888380 ,31,66744312 ,"1,171",1766929 ,"62,705",65994 ,"1,069,471",5000 ,16,27,35,37,43,45,19
,168,2006.02.18,5,2349946920 ,54,36264613 ,"1,544",1268322 ,"74,504",52569 ,"1,233,043",5000 ,3,10,31,40,42,43,30
,167,2006.02.11,5,2491222920 ,36,57667198 ,"1,313",1581127 ,"64,208",64666 ,"1,122,401",5000 ,24,27,28,30,36,39,4
,166,2006.02.04,11,1111299982 ,28,72763690 ,"1,507",1351947 ,"70,751",57594 ,"1,140,980",5000 ,9,12,27,36,39,45,14
,165,2006.01.28,2,6767426700 ,40,56395223 ,"1,535",1469583 ,"78,820",57240 ,"1,297,194",5000 ,5,13,18,19,22,42,31
,164,2006.01.21,3,4054937900 ,39,51986384 ,"1,626",1246906 ,"74,835",54186 ,"1,250,274",5000 ,6,9,10,11,39,41,27
,163,2006.01.14,7,1629726515 ,47,40454205 ,"1,390",1367876 ,"66,604",57095 ,"1,099,200",5000 ,7,11,26,28,29,44,16
,162,2006.01.07,5,2308265760 ,33,58289540 ,"1,172",1641259 ,"61,205",62857 ,"1,057,899",5000 ,1,5,21,25,38,41,24
2005,161,2005.12.31,7,1996876272 ,63,33275487 ,"1,381",1517999 ,"66,233",63303 ,"1,116,934",5000 ,22,34,36,40,42,45,44
,160,2005.12.24,2,5490805350 ,32,57195890 ,"1,079",1696264 ,"58,680",62382 ,"1,022,787",5000 ,3,7,8,34,39,41,1
,159,2005.12.17,6,1755407300 ,24,73141971 ,"1,071",1639036 ,"54,933",63911 ,"920,378",5000 ,1,18,30,41,42,43,32
,158,2005.12.10,10,1069544340 ,45,39612754 ,"1,516",1175841 ,"67,910",52499 ,"1,071,741",5000 ,4,9,13,18,21,34,7
,157,2005.12.03,2,5484903750 ,28,65296474 ,"1,155",1582945 ,"61,650",59313 ,"1,028,734",5000 ,19,26,30,33,35,39,37
,156,2005.11.26,8,1401099900 ,30,62271107 ,"1,230",1518808 ,"59,506",62789 ,"998,192",5000 ,5,18,28,30,42,45,2
,155,2005.11.19,9,1193005734 ,37,48365098 ,"1,287",1390450 ,"62,882",56917 ,"1,035,003",5000 ,16,19,20,32,33,41,4
,154,2005.11.12,4,2836628700 ,32,59096432 ,"1,189",1590485 ,"60,181",62847 ,"1,020,067",5000 ,6,19,21,35,40,45,20
,153,2005.11.05,4,2730526125 ,52,35006746 ,"1,446",1258888 ,"71,562",50875 ,"1,137,072",5000 ,3,8,11,12,13,36,33
,152,2005.10.29,5,2278131840 ,30,63281440 ,"1,184",1603415 ,"60,282",62986 ,"1,021,147",5000 ,1,5,13,26,29,34,43
,151,2005.10.22,4,2716634025 ,45,40246430 ,"1,491",1214681 ,"68,250",53073 ,"1,113,528",5000 ,1,2,10,13,18,19,15
,150,2005.10.15,4,2831645850 ,46,41038346 ,"1,279",1475969 ,"65,200",57907 ,"1,100,850",5000 ,2,18,25,28,37,39,16
,149,2005.10.08,7,1639052143 ,43,44470407 ,"1,171",1632987 ,"60,450",63267 ,"1,016,240",5000 ,2,11,21,34,41,42,27
,148,2005.10.01,5,2323596420 ,35,55323725 ,"1,185",1634035 ,"63,358",61124 ,"1,079,664",5000 ,21,25,33,34,35,36,17
,147,2005.09.24,7,1700040215 ,35,56668008 ,"1,215",1632412 ,"62,412",63558 ,"1,067,800",5000 ,4,6,13,21,40,42,36
,146,2005.09.17,2,6043415250 ,34,59249170 ,"1,383",1456596 ,"62,524",64439 ,"1,038,812",5000 ,2,19,27,35,41,42,25
,145,2005.09.10,3,3797838200 ,38,49971556 ,"1,217",1560328 ,"63,120",60169 ,"1,093,545",5000 ,2,3,13,20,27,44,9
,144,2005.09.03,8,1402440413 ,38,49208436 ,"1,498",1248279 ,"74,181",50416 ,"1,180,411",5000 ,4,15,17,26,36,37,43
,143,2005.08.27,3,3954584700 ,35,56494068 ,"1,182",1672837 ,"57,130",69221 ,"986,951",5000 ,26,27,28,42,43,45,8
,142,2005.08.20,11,1018265564 ,28,66672150 ,"1,326",1407859 ,"64,602",57795 ,"1,067,644",5000 ,12,16,30,34,40,44,19
,141,2005.08.13,6,1900552400 ,29,65536290 ,"1,144",1661323 ,"58,203",65308 ,"1,000,591",5000 ,8,12,29,31,42,43,2
,140,2005.08.06,5,2109462840 ,34,51702521 ,"1,310",1341898 ,"64,372",54617 ,"1,082,575",5000 ,3,13,17,18,19,28,8
,139,2005.07.30,7,1650210215 ,28,68758759 ,"1,128",1706778 ,"57,271",67233 ,"986,618",5000 ,9,11,15,20,28,43,13
,138,2005.07.23,5,2227152000 ,32,57998750 ,"1,251",1483582 ,"61,230",60623 ,"1,056,925",5000 ,10,11,27,28,37,39,19
,137,2005.07.16,9,1270403467 ,40,47640130 ,"1,578",1207608 ,"72,935",52255 ,"1,186,655",5000 ,7,9,20,25,36,39,15
,136,2005.07.09,6,1997694150 ,26,76834391 ,"1,279",1561919 ,"66,993",59639 ,"1,119,075",5000 ,2,16,30,36,41,42,11
,135,2005.07.02,7,1717293515 ,28,71553897 ,"1,424",1406959 ,"66,201",60529 ,"1,099,249",5000 ,6,14,22,28,35,39,16
,134,2005.06.25,5,2349155100 ,50,39152585 ,"1,433",1366106 ,"69,698",56175 ,"1,129,299",5000 ,3,12,20,23,31,35,43
,133,2005.06.18,8,1450242600 ,51,37914840 ,"1,466",1319002 ,"76,266",50709 ,"1,221,679",5000 ,4,7,15,18,23,26,13
,132,2005.06.11,4,2920473525 ,34,57264187 ,"1,382",1408816 ,"65,277",59653 ,"1,098,225",5000 ,3,17,23,34,41,45,43
,131,2005.06.04,8,1451214488 ,33,58634929 ,"1,645",1176264 ,"73,893",52372 ,"1,153,272",5000 ,8,10,11,14,15,21,37
,130,2005.05.28,4,3036496650 ,30,67477704 ,"1,273",1590206 ,"63,587",63672 ,"1,087,239",5000 ,7,19,24,27,42,45,31
,129,2005.05.21,11,1093629655 ,50,40099754 ,"1,473",1361160 ,"71,124",56381 ,"1,145,600",5000 ,19,23,25,28,38,42,17
,128,2005.05.14,6,2064043100 ,23,89741005 ,"1,192",1731580 ,"63,294",65221 ,"1,102,953",5000 ,12,30,34,36,37,45,39
,127,2005.05.07,6,1965939150 ,43,45719516 ,"1,279",1537091 ,"67,175",58532 ,"1,143,382",5000 ,3,5,10,29,32,43,35
,126,2005.04.30,9,1369301500 ,35,58684350 ,"1,439",1427347 ,"71,370",57558 ,"1,166,992",5000 ,7,20,22,27,40,43,1
,125,2005.04.23,7,1754870786 ,36,56870813 ,"1,444",1417832 ,"74,261",55140 ,"1,220,272",5000 ,2,8,32,33,35,36,18
,124,2005.04.16,9,1395936267 ,37,56592011 ,"1,540",1359679 ,"75,040",55808 ,"1,230,275",5000 ,4,16,23,25,29,42,1
,123,2005.04.09,5,2532982680 ,38,55547866 ,"1,477",1429126 ,"72,742",58036 ,"1,188,107",5000 ,7,17,18,28,30,45,27
,122,2005.04.02,9,1450073800 ,38,57239756 ,"1,403",1550329 ,"72,518",59989 ,"1,266,949",5000 ,1,11,16,17,36,40,8
,121,2005.03.26,2,6839648100 ,31,73544604 ,"1,342",1698870 ,"67,464",67589 ,"1,153,689",5000 ,12,28,30,34,38,43,9
,120,2005.03.19,3,4364530300 ,31,70395650 ,"1,605",1359667 ,"80,400",54286 ,"1,377,368",5000 ,4,6,10,11,32,37,30
,119,2005.03.12,9,1474899400 ,49,45149982 ,"1,936",1142743 ,"85,327",51856 ,"1,355,365",5000 ,3,11,13,14,17,21,38
,118,2005.03.05,10,1297989720 ,41,52763810 ,"1,671",1294624 ,"83,233",51983 ,"1,390,561",5000 ,3,4,10,17,19,22,38
,117,2005.02.26,9,1558378334 ,50,46751350 ,"1,642",1423610 ,"78,361",59662 ,"1,267,826",5000 ,5,10,22,34,36,44,35
,116,2005.02.19,7,1997747315 ,56,41619736 ,"1,735",1343346 ,"91,897",50725 ,"1,499,198",5000 ,2,4,25,31,34,37,17
,115,2005.02.12,9,1488589567 ,34,65673070 ,"1,990",1122053 ,"91,627",48739 ,"1,447,287",5000 ,1,2,6,9,25,28,31
,114,2005.02.05,6,2362345050 ,41,57618172 ,"1,491",1584404 ,"78,504",60185 ,"1,283,250",5000 ,11,14,19,26,28,41,2
,113,2005.01.29,9,1561528934 ,43,54471940 ,"1,479",1583701 ,"72,711",64428 ,"1,241,238",5000 ,4,9,28,33,36,45,26
,112,2005.01.22,9,1567271167 ,32,73465836 ,"1,370",1715991 ,"70,247",66933 ,"1,227,387",5000 ,26,29,30,33,41,42,43
,111,2005.01.15,6,2199047450 ,51,43118578 ,"1,734",1268194 ,"86,863",50633 ,"1,389,605",5000 ,7,18,31,33,36,40,27
,110,2005.01.08,3,4566262000 ,38,60082395 ,"1,392",1640181 ,"73,674",61980 ,"1,196,287",5000 ,7,20,22,23,29,43,1
,109,2005.01.01,12,1246838200 ,31,80441175 ,"1,493",1670246 ,"73,179",68153 ,"1,271,057",5000 ,1,5,34,36,42,44,33
2004,108,2004.12.25,7,1998900772 ,41,56879291 ,"1,462",1595111 ,"70,827",65853 ,"1,223,421",5000 ,7,18,22,23,29,44,12
,107,2004.12.18,2,6679927800 ,35,63618360 ,"2,181",1020928 ,"91,651",48590 ,"1,301,235",5000 ,1,4,5,6,9,31,17
,106,2004.12.11,16,810461157 ,40,54030744 ,"2,056",1051182 ,"93,551",46205 ,"1,415,989",5000 ,4,10,12,22,24,33,29
,105,2004.12.04,4,3416781450 ,26,87609781 ,"1,331",1711386 ,"69,127",65904 ,"1,192,263",5000 ,8,10,20,34,41,45,28
,104,2004.11.27,2,6610743750 ,23,95807881 ,"1,293",1704240 ,"71,824",61361 ,"1,246,208",5000 ,17,32,33,34,42,44,35
,103,2004.11.20,8,1691589563 ,38,59354020 ,"1,583",1424797 ,"75,587",59679 ,"1,231,156",5000 ,5,14,15,27,30,45,10
,102,2004.11.13,9,1457153067 ,24,91072067 ,"1,352",1616664 ,"75,476",57919 ,"1,322,337",5000 ,17,22,24,26,35,40,42
,101,2004.11.06,5,2707297500 ,38,59370560 ,"1,405",1605752 ,"73,210",61634 ,"1,246,344",5000 ,1,3,17,32,35,45,8
,100,2004.10.30,4,3315315525 ,36,61394732 ,"1,544",1431484 ,"76,899",57484 ,"1,235,777",5000 ,1,7,11,23,37,42,6
,99,2004.10.23,6,2169219050 ,40,54230477 ,"1,581",1372056 ,"77,203",56196 ,"1,282,311",5000 ,1,3,10,27,29,37,11
,98,2004.10.16,4,3177972300 ,45,47081072 ,"1,880",1126941 ,"87,818",48251 ,"1,385,812",5000 ,6,9,16,23,24,32,43
,97,2004.10.09,9,1496214000 ,46,48789587 ,"1,543",1454518 ,"77,227",58123 ,"1,282,678",5000 ,6,7,14,15,20,36,3
,96,2004.10.02,7,1847133515 ,38,56710240 ,"1,197",1800326 ,"65,301",66002 ,"1,111,779",5000 ,1,3,8,21,22,31,20
,95,2004.09.25,8,1747741238 ,48,48548368 ,"1,728",1348566 ,"82,432",56540 ,"1,347,106",5000 ,8,17,27,31,34,43,14
,94,2004.09.18,6,2245339950 ,38,59087894 ,"1,353",1659527 ,"71,106",63155 ,"1,223,793",5000 ,5,32,34,40,41,45,6
,93,2004.09.11,6,2269178150 ,26,87276083 ,"1,462",1552106 ,"68,597",66160 ,"1,185,275",5000 ,6,22,24,36,38,44,19
,92,2004.09.04,11,1233270846 ,50,45219931 ,"1,623",1393098 ,"79,319",57011 ,"1,307,607",5000 ,3,14,24,33,35,36,17
,91,2004.08.28,4,3582902400 ,32,74643800 ,"1,205",1982242 ,"64,183",74431 ,"1,128,902",5000 ,1,21,24,26,29,42,27
,90,2004.08.21,4,3291435300 ,34,64537948 ,"1,297",1691820 ,"67,888",64645 ,"1,160,774",5000 ,17,20,29,35,38,44,10
,89,2004.08.14,3,4248321900 ,30,70805365 ,"1,340",1585195 ,"72,667",58463 ,"1,261,896",5000 ,4,26,28,29,33,40,37
,88,2004.08.07,4,3069709650 ,31,66015262 ,"1,183",1729902 ,"64,639",63321 ,"1,098,115",5000 ,1,17,20,24,30,41,27
,87,2004.07.31,11,1799358055 ,33,99964337 ,"1,250",2639059 ,"54,768",120466 ,"890,859",10000 ,4,12,16,23,34,43,26
,86,2004.07.24,1,14252186400 ,16,148460275 ,611,3887667 ,"35,057",135515 ,"616,434",10000 ,2,12,37,39,41,45,33
,85,2004.07.17,4,3462109800 ,31,74453975 ,823,2804464 ,"41,746",110577 ,"664,492",10000 ,6,8,13,23,31,36,21
,84,2004.07.10,2,7669779000 ,17,150387824 ,635,4026131 ,"32,402",157805 ,"582,445",10000 ,16,23,27,34,42,45,11
,83,2004.07.03,2,7086948300 ,15,157487740 ,851,2775930 ,"45,924",102880 ,"763,287",10000 ,6,10,15,17,19,34,14
,82,2004.06.26,1,14562494400 ,20,121354120 ,637,3810177 ,"36,139",134320 ,"638,058",10000 ,1,2,3,14,27,42,39
,81,2004.06.19,5,2714288880 ,20,113095370 ,"1,046",2162436 ,"51,654",87580 ,"787,258",10000 ,5,7,11,13,20,33,6
,80,2004.06.12,1,13809540000 ,16,143849375 ,868,2651602 ,"40,251",114362 ,"706,432",10000 ,17,18,24,25,26,30,1
,79,2004.06.05,4,3416443800 ,31,73471910 ,"1,196",1904373 ,"49,431",92154 ,"741,871",10000 ,3,12,24,27,30,32,14
,78,2004.05.29,4,3519850000 ,22,106662100 ,910,2578600 ,"42,450",110500 ,"716,323",10000 ,10,13,25,29,33,35,38
,77,2004.05.22,3,5155758600 ,19,135677800 ,713,3615500 ,"37,033",139200 ,"643,154",10000 ,2,18,29,32,43,44,37
,76,2004.05.15,2,7451022600 ,17,146098400 ,840,2956700 ,"44,504",111600 ,"770,522",10000 ,1,3,15,22,25,37,43
,75,2004.05.08,4,3914616900 ,19,137354900 ,817,3194300 ,"40,782",127900 ,"697,174",10000 ,2,5,24,32,34,44,28
,74,2004.05.01,3,5284949800 ,40,66061800 ,"1,021",2588100 ,"48,438",109100 ,"802,633",10000 ,6,15,17,18,35,40,23
,73,2004.04.24,6,2766662100 ,26,106410000 ,"1,363",2029800 ,"55,608",99500 ,"865,131",10000 ,3,12,18,32,40,43,38
,72,2004.04.17,13,3260524600 ,44,104081800 ,"2,510",1824500 ,"113,994",80300 ,"1,702,959",10000 ,2,4,11,17,26,27,1
,71,2004.04.10,0,0 ,28,88745200 ,782,3177500 ,"39,516",125700 ,"659,631",10000 ,5,9,12,16,29,41,21
,70,2004.04.03,3,5031277800 ,14,179688400 ,717,3508500 ,"36,781",136700 ,"645,990",10000 ,5,19,22,25,28,43,26
,69,2004.03.27,3,4962712200 ,20,124067800 ,766,3239300 ,"41,220",120300 ,"704,209",10000 ,5,8,14,15,19,39,35
,68,2004.03.20,5,2945882100 ,20,122745000 ,754,3255800 ,"43,265",113400 ,"735,760",10000 ,10,12,15,16,26,39,38
,67,2004.03.13,7,2114436500 ,62,39787700 ,972,2537900 ,"46,740",105500 ,"748,901",10000 ,3,7,10,15,36,38,33
,66,2004.03.06,4,3685138200 ,19,129303000 ,786,3125600 ,"40,188",122200 ,"712,181",10000 ,2,3,7,17,22,24,45
,65,2004.02.28,4,3727945800 ,27,92048000 ,"1,003",2477800 ,"52,556",94500 ,"848,960",10000 ,4,25,33,36,40,43,39
,64,2004.02.21,4,3899818000 ,11,236352600 ,651,3993600 ,"37,117",140000 ,"654,379",10000 ,14,15,18,21,26,36,39
,63,2004.02.14,2,7922245500 ,26,101567200 ,824,3204700 ,"41,505",127200 ,"712,954",10000 ,3,20,23,36,38,40,5
,62,2004.02.07,1,15817286400 ,22,119827900 ,829,3179900 ,"41,686",126400 ,"700,804",10000 ,3,8,15,27,29,35,21
,61,2004.01.31,5,3541038800 ,11,268260500 ,789,3740000 ,"41,227",143100 ,"714,784",10000 ,14,15,19,30,38,43,8
,60,2004.01.24,7,2172504600 ,27,93873600 ,"1,088",2329500 ,"45,712",110800 ,"735,708",10000 ,2,8,25,36,39,42,11
,59,2004.01.17,4,4127587300 ,23,119640200 ,651,4226900 ,"35,026",157100 ,"626,460",10000 ,6,29,36,39,41,45,13
,58,2004.01.10,4,3676429200 ,39,62844900 ,"1,318",1859600 ,"58,215",84200 ,"880,954",10000 ,10,24,25,33,40,44,1
,57,2004.01.03,4,4114411900 ,25,109717600 ,960,2857200 ,"44,050",124500 ,"763,692",10000 ,7,10,16,25,29,44,6
2003,56,2003.12.27,4,3777570900 ,29,86840700 ,"1,359",1853100 ,"41,156",122300 ,"744,566",10000 ,10,14,30,31,33,37,19
,55,2003.12.20,2,7088799600 ,24,98455500 ,728,3245700 ,"42,550",111000 ,"746,855",10000 ,17,21,31,37,40,44,7
,54,2003.12.13,3,5148626600 ,15,171620800 ,719,3580400 ,"34,854",147700 ,"617,337",10000 ,1,8,21,27,36,39,37
,53,2003.12.06,3,5014371000 ,25,100287400 ,802,3126100 ,"45,372",110500 ,"742,615",10000 ,7,8,14,32,33,39,42
,52,2003.11.29,4,3900844900 ,13,200043300 ,669,3887200 ,"34,665",150000 ,"619,109",10000 ,2,4,15,16,20,29,1
,51,2003.11.22,6,2421117000 ,26,93119800 ,961,2519300 ,"45,707",105900 ,"706,567",10000 ,2,3,11,16,26,44,35
,50,2003.11.15,3,5227061400 ,14,186680700 ,826,3164000 ,"40,296",129700 ,"664,631",10000 ,2,10,12,15,22,44,1
,49,2003.11.08,7,1967504600 ,49,46845300 ,"1,487",1543600 ,"66,451",69000 ,"929,635",10000 ,4,7,16,19,33,40,30
,48,2003.11.01,6,2415673600 ,25,96626900 ,"1,279",1888700 ,"58,047",83200 ,"874,668",10000 ,6,10,18,26,37,38,3
,47,2003.10.25,5,3250042400 ,11,246215300 ,902,3002600 ,"40,580",133400 ,"679,466",10000 ,14,17,26,31,36,45,27
,46,2003.10.18,3,5327758800 ,39,68304600 ,"1,043",2554000 ,"45,243",117700 ,"745,199",10000 ,8,13,15,23,31,38,39
,45,2003.10.11,2,8356417800 ,27,103165600 ,890,3129700 ,"45,470",122500 ,"775,339",10000 ,1,10,20,27,33,35,17
,44,2003.10.04,5,3362155800 ,23,121817200 ,785,3569100 ,"40,092",139700 ,"696,051",10000 ,3,11,21,30,38,45,39
,43,2003.09.27,1,17749630800 ,21,140870000 ,926,3194600 ,"45,078",131200 ,"776,043",10000 ,6,31,35,38,39,44,1
,42,2003.09.20,6,6899280100 ,35,131479800 ,"1,405",3275200 ,"79,543",115700 ,"1,393,691",10000 ,17,18,19,21,23,32,1
,41,2003.09.13,0,0 ,21,109404000 ,700,3282100 ,"33,805",135900 ,"583,744",10000 ,13,20,23,35,38,43,34
,40,2003.09.06,13,1147652400 ,44,56513100 ,"1,055",2356900 ,"65,081",76400 ,"798,374",10000 ,7,13,18,19,25,26,6
,39,2003.08.30,6,2623748800 ,25,104949900 ,699,3753500 ,"38,752",135400 ,"680,975",10000 ,6,7,13,15,21,43,8
,38,2003.08.23,3,5374866400 ,18,149301800 ,679,3957900 ,"36,377",147700 ,"681,031",10000 ,16,17,22,30,37,43,36
,37,2003.08.16,3,4985999400 ,20,124649900 ,857,2908900 ,"46,334",107600 ,"782,490",10000 ,7,27,30,33,35,37,42
,36,2003.08.09,1,16014475800 ,19,140477800 ,768,3475300 ,"38,321",139300 ,"673,755",10000 ,1,10,23,26,28,40,31
,35,2003.08.02,3,5054598200 ,24,105304100 ,933,2708700 ,"46,866",107800 ,"779,854",10000 ,2,3,11,26,37,43,39
,34,2003.07.26,5,3056918000 ,45,56609500 ,"1,264",2015300 ,"68,519",74300 ,"922,063",10000 ,9,26,35,37,40,42,2
,33,2003.07.19,1,14903517600 ,41,60583400 ,"1,063",2336700 ,"52,142",95200 ,"888,943",10000 ,4,7,32,33,40,41,9
,32,2003.07.12,10,1634528300 ,49,55596200 ,"1,203",2264500 ,"52,704",103300 ,"834,746",10000 ,6,14,19,25,34,44,11
,31,2003.07.05,2,8106672900 ,29,93180100 ,"1,130",2391300 ,"58,406",92500 ,"863,641",10000 ,7,9,18,23,28,35,32
,30,2003.06.28,2,8728555500 ,22,132250800 ,872,3336600 ,"42,319",137500 ,"710,466",10000 ,8,17,20,35,36,44,4
,29,2003.06.21,5,3552594000 ,17,174146700 ,752,3936800 ,"42,347",139800 ,"765,661",10000 ,1,5,13,34,39,40,11
,28,2003.06.14,10,1700361100 ,22,128815200 ,"1,164",2434600 ,"57,870",97900 ,"938,483",10000 ,9,18,23,25,35,37,1
,27,2003.06.07,2,9543982500 ,16,198832900 ,579,5494500 ,"33,509",189800 ,"625,925",10000 ,1,20,26,28,37,43,27
,26,2003.05.31,5,3495069900 ,39,74680900 ,"1,340",2173500 ,"72,252",80600 ,"1,097,093",10000 ,4,5,7,18,20,25,31
,25,2003.05.24,2,24227745300 ,28,175267400 ,"1,111",4417100 ,"58,903",166600 ,"1,096,200",10000 ,2,4,21,26,43,44,16
,24,2003.05.17,0,0 ,18,176023700 ,925,3425300 ,"52,777",120000 ,"755,905",10000 ,7,8,27,29,36,43,6
,23,2003.05.10,4,4317947700 ,23,125157900 ,"1,372",2098100 ,"63,717",90300 ,"990,081",10000 ,5,13,17,18,33,42,44
,22,2003.05.03,4,4552194900 ,32,94837300 ,827,3669600 ,"53,248",113900 ,"937,961",10000 ,4,5,6,8,17,39,25
,21,2003.04.26,23,797475400 ,26,117576500 ,"2,008",1522400 ,"82,996",73600 ,"1,155,368",10000 ,6,12,17,18,31,32,21
,20,2003.04.19,1,19352212800 ,14,230383400 ,888,3632100 ,"48,158",133900 ,"827,470",10000 ,10,14,18,20,23,30,41
,19,2003.04.12,1,40722959400 ,14,297278500 ,697,5971100 ,"55,154",150900 ,"1,135,991",10000 ,6,30,38,39,40,43,26
,18,2003.04.05,0,0 ,15,175017300 ,664,3953700 ,"38,453",136500 ,"693,323",10000 ,3,12,13,19,32,35,29
,17,2003.03.29,3,5349491200 ,9,297193900 ,"1,142",2342100 ,"61,651",86700 ,"961,162",10000 ,3,4,9,17,32,37,1
,16,2003.03.22,4,4377146100 ,12,243174700 ,862,3385200 ,"47,255",123500 ,"870,770",10000 ,6,7,24,37,38,40,33
,15,2003.03.15,1,17014245000 ,16,177231700 ,509,5571100 ,"39,202",144600 ,"827,538",10000 ,3,4,16,30,31,37,13
,14,2003.03.08,4,9375048300 ,28,130363400 ,"1,421",2568700 ,"77,736",93900 ,"1,341,756",10000 ,2,6,12,31,33,40,15
,13,2003.03.01,0,0 ,6,433309300 ,450,5777400 ,"29,601",175600 ,"726,751",10000 ,22,23,25,37,38,42,26
,12,2003.02.22,12,1348845700 ,27,99914400 ,"1,903",1417500 ,"76,845",70200 ,"1,115,084",10000 ,2,11,21,25,39,45,44
,11,2003.02.15,5,4780152300 ,11,362132700 ,428,9307100 ,"38,515",206800 ,"612,805",10000 ,1,7,36,37,41,42,14
,10,2003.02.08,13,6430437900 ,236,40813400 ,"11,247",856400 ,"703,234",27300 ,"3,410,846",10000 ,9,25,30,33,41,44,6
,9,2003.02.01,0,0 ,4,769456500 ,352,8743800 ,"23,672",260000 ,"603,375",10000 ,2,4,16,17,36,39,14
,8,2003.01.25,0,0 ,6,131555000 ,348,2268100 ,"14,279",110500 ,"248,242",10000 ,8,19,25,34,37,39,9
,7,2003.01.18,0,0 ,9,48165000 ,270,1605500 ,"13,229",65500 ,"206,259",10000 ,2,9,16,25,26,40,42
,6,2003.01.11,1,6574451700 ,3,196297600 ,138,4267300 ,"13,445",87600 ,"176,375",10000 ,14,15,26,27,40,42,34
,5,2003.01.04,0,0 ,0,0 ,42,6033800 ,"3,043",166500 ,"60,434",10000 ,16,24,29,40,41,42,3
2002,4,2002.12.28,0,0 ,1,211191200 ,29,7282400 ,"2,777",152100 ,"52,382",10000 ,14,27,30,31,40,42,2
,3,2002.12.21,1,2000000000 ,0,0 ,139,1174100 ,"5,940",54900 ,"73,256",10000 ,11,16,19,21,27,31,30
,2,2002.12.14,1,2002006800 ,2,94866800 ,103,1842000 ,"3,763",100800 ,"55,480",10000 ,9,13,21,25,32,42,2
,1,2002.12.07,0,0 ,1,143934100 ,28,5140500 ,"2,537",113400 ,"40,155",10000 ,10,23,29,33,37,40,16
